bank_txn_id,partner_instruction_id,bank_reference,partner,payment_method,execution_timestamp_utc,execution_date,value_date,source_currency,fee_amount_usd,fx_execution_source_amount_usd,executed_fx_rate,settlement_currency,settlement_amount_cny,external_status
PA-BNK-000001,PA-INS-000002,PA-00000001,PARTNER_A,LOCAL_BANK_TRANSFER,2025-01-02T14:45:00Z,2025-01-02,2025-01-03,USD,7.03,1164.20,7.096839,CNY,8262.12,SETTLED
PA-BNK-000002,PA-INS-000004,PA-00000002,PARTNER_A,SWIFT,2025-01-02T15:57:00Z,2025-01-02,2025-01-03,USD,40.87,6765.13,7.101059,CNY,48039.53,SETTLED
PA-BNK-000003,PA-INS-000001,PA-00000003,PARTNER_A,LOCAL_BANK_TRANSFER,2025-01-02T17:01:00Z,2025-01-02,2025-01-03,USD,25.45,4215.07,7.096890,CNY,29913.87,SETTLED
PA-BNK-000004,PA-INS-000006,PA-00000004,PARTNER_A,SWIFT,2025-01-02T20:19:00Z,2025-01-02,2025-01-03,USD,46.33,7675.01,7.099862,CNY,54491.51,SETTLED
PB-BNK-000005,PB-INS-000005,PB-00000005,PARTNER_B,LOCAL_BANK_TRANSFER,2025-01-02T17:51:00Z,2025-01-02,2025-01-06,USD,14.78,2777.55,7.098310,CNY,19715.85,SETTLED
PB-BNK-000006,PB-INS-000003,PB-00000006,PARTNER_B,SWIFT,2025-01-02T20:13:00Z,2025-01-02,2025-01-06,USD,72.26,19118.64,7.101282,CNY,135766.83,SETTLED
PA-BNK-000007,PA-INS-000010,PA-00000007,PARTNER_A,LOCAL_BANK_TRANSFER,2025-01-03T17:05:00Z,2025-01-03,2025-01-06,USD,40.95,6787.19,7.078169,CNY,48040.83,SETTLED
PA-BNK-000008,PA-INS-000011,PA-00000008,PARTNER_A,LOCAL_BANK_TRANSFER,2025-01-03T19:46:00Z,2025-01-03,2025-01-06,USD,29.75,4925.03,7.084004,CNY,34888.93,SETTLED
PA-BNK-000009,PA-INS-000012,PA-00000009,PARTNER_A,SWIFT,2025-01-03T21:30:00Z,2025-01-03,2025-01-06,USD,32.15,5325.36,7.077382,CNY,37689.58,SETTLED
PB-BNK-000010,PB-INS-000008,PB-00000010,PARTNER_B,LOCAL_BANK_TRANSFER,2025-01-03T16:09:00Z,2025-01-03,2025-01-07,USD,24.55,5568.90,7.083977,CNY,39449.89,SETTLED
PB-BNK-000011,PB-INS-000007,PB-00000011,PARTNER_B,LOCAL_BANK_TRANSFER,2025-01-03T16:13:00Z,2025-01-03,2025-01-07,USD,14.61,2733.39,7.083977,CNY,19363.26,SETTLED
PB-BNK-000012,PB-INS-000009,PB-00000012,PARTNER_B,LOCAL_BANK_TRANSFER,2025-01-03T18:27:00Z,2025-01-03,2025-01-07,USD,14.29,2637.53,7.085716,CNY,18688.75,SETTLED
PA-BNK-000013,PA-INS-000013,PA-00000013,PARTNER_A,SWIFT,2025-01-06T14:45:00Z,2025-01-06,2025-01-07,USD,83.43,13808.90,7.075096,CNY,97699.29,SETTLED
PA-BNK-000014,PA-INS-000016,PA-00000014,PARTNER_A,LOCAL_BANK_TRANSFER,2025-01-06T15:54:00Z,2025-01-06,2025-01-07,USD,6.86,1135.48,7.081023,CNY,8040.29,SETTLED
PA-BNK-000015,PA-INS-000017,PA-00000015,PARTNER_A,LOCAL_BANK_TRANSFER,2025-01-06T17:38:00Z,2025-01-06,2025-01-07,USD,9.01,1491.60,7.080609,CNY,10561.40,SETTLED
PA-BNK-000016,PA-INS-000018,PA-00000016,PARTNER_A,LOCAL_BANK_TRANSFER,2025-01-06T20:05:00Z,2025-01-06,2025-01-07,USD,18.52,3066.76,7.076370,CNY,21701.50,SETTLED
PA-BNK-000017,PA-INS-000019,PA-00000017,PARTNER_A,LOCAL_BANK_TRANSFER,2025-01-06T20:21:00Z,2025-01-06,2025-01-07,USD,27.81,4607.48,7.076370,CNY,32604.20,SETTLED
PA-BNK-000018,PA-INS-000021,PA-00000018,PARTNER_A,LOCAL_BANK_TRANSFER,2025-01-06T21:22:00Z,2025-01-06,2025-01-07,USD,107.07,17734.20,7.072230,CNY,125420.34,SETTLED
PB-BNK-000019,PB-INS-000014,PB-00000019,PARTNER_B,LOCAL_BANK_TRANSFER,2025-01-06T15:15:00Z,2025-01-06,2025-01-08,USD,18.77,3908.85,7.082440,CNY,27684.19,SETTLED
PB-BNK-000020,PB-INS-000015,PB-00000020,PARTNER_B,SWIFT,2025-01-06T17:33:00Z,2025-01-06,2025-01-08,USD,10.10,1443.76,7.082025,CNY,10224.68,SETTLED
PA-BNK-000021,PA-INS-000026,PA-00000021,PARTNER_A,LOCAL_BANK_TRANSFER,2025-01-07T15:54:00Z,2025-01-07,2025-01-08,USD,15.46,2563.43,7.055170,CNY,18085.38,SETTLED
PA-BNK-000022,PA-INS-000027,PA-00000022,PARTNER_A,LOCAL_BANK_TRANSFER,2025-01-07T16:03:00Z,2025-01-07,2025-01-08,USD,102.95,17053.80,7.050378,CNY,120235.68,SETTLED
PA-BNK-000023,PA-INS-000023,PA-00000023,PARTNER_A,LOCAL_BANK_TRANSFER,2025-01-07T16:23:00Z,2025-01-07,2025-01-08,USD,16.03,2661.36,7.050378,CNY,18763.58,SETTLED
PA-BNK-000024,PA-INS-000024,PA-00000024,PARTNER_A,LOCAL_BANK_TRANSFER,2025-01-07T16:23:00Z,2025-01-07,2025-01-08,USD,82.75,13748.36,7.050378,CNY,96931.10,SETTLED
PA-BNK-000025,PA-INS-000025,PA-00000025,PARTNER_A,LOCAL_BANK_TRANSFER,2025-01-07T16:27:00Z,2025-01-07,2025-01-08,USD,24.00,3989.32,7.050378,CNY,28126.15,SETTLED
PA-BNK-000026,PA-INS-000030,PA-00000026,PARTNER_A,SWIFT,2025-01-07T18:54:00Z,2025-01-07,2025-01-08,USD,31.49,5205.75,7.058022,CNY,36742.23,SETTLED
PA-BNK-000027,PA-INS-000033,PA-00000027,PARTNER_A,LOCAL_BANK_TRANSFER,2025-01-07T19:52:00Z,2025-01-07,2025-01-08,USD,40.81,6752.88,7.060362,CNY,47677.71,SETTLED
PA-BNK-000028,PA-INS-000031,PA-00000028,PARTNER_A,LOCAL_BANK_TRANSFER,2025-01-07T21:33:00Z,2025-01-07,2025-01-08,USD,9.74,1610.15,7.067209,CNY,11379.22,SETTLED
PA-BNK-000029,PA-INS-000034,PA-00000029,PARTNER_A,LOCAL_BANK_TRANSFER,2025-01-07T21:49:00Z,2025-01-07,2025-01-08,USD,12.92,2138.36,7.067209,CNY,15112.18,SETTLED
PA-BNK-000030,PA-INS-000032,PA-00000030,PARTNER_A,LOCAL_BANK_TRANSFER,2025-01-07T22:00:00Z,2025-01-07,2025-01-08,USD,90.93,15029.89,7.068404,CNY,106237.30,SETTLED
PB-BNK-000031,PB-INS-000022,PB-00000031,PARTNER_B,LOCAL_BANK_TRANSFER,2025-01-07T16:59:00Z,2025-01-07,2025-01-09,USD,24.54,5572.87,7.051788,CNY,39298.64,SETTLED
PB-BNK-000032,PB-INS-000028,PB-00000032,PARTNER_B,LOCAL_BANK_TRANSFER,2025-01-07T19:11:00Z,2025-01-07,2025-01-09,USD,99.40,26806.71,7.061774,CNY,189302.88,SETTLED
PB-BNK-000033,PB-INS-000020,PB-00000033,PARTNER_B,LOCAL_BANK_TRANSFER,2025-01-07T19:12:00Z,2025-01-07,2025-01-09,USD,22.04,4856.99,7.061774,CNY,34298.90,SETTLED
PB-BNK-000034,PB-INS-000029,PB-00000034,PARTNER_B,SWIFT,2025-01-07T19:27:00Z,2025-01-07,2025-01-09,USD,9.43,1252.10,7.061774,CNY,8841.99,SETTLED
PA-BNK-000035,PA-INS-000036,PA-00000035,PARTNER_A,LOCAL_BANK_TRANSFER,2025-01-08T14:52:00Z,2025-01-08,2025-01-09,USD,12.75,2112.92,7.060956,CNY,14919.21,SETTLED
PA-BNK-000036,PA-INS-000039,PA-00000036,PARTNER_A,LOCAL_BANK_TRANSFER,2025-01-08T15:03:00Z,2025-01-08,2025-01-09,USD,16.79,2780.96,7.061118,CNY,19636.64,SETTLED
PA-BNK-000037,PA-INS-000040,PA-00000037,PARTNER_A,SWIFT,2025-01-08T15:40:00Z,2025-01-08,2025-01-09,USD,35.91,5944.26,7.061118,CNY,41973.07,SETTLED
PA-BNK-000038,PA-INS-000041,PA-00000038,PARTNER_A,LOCAL_BANK_TRANSFER,2025-01-08T15:53:00Z,2025-01-08,2025-01-09,USD,185.19,30655.08,7.061118,CNY,216459.09,SETTLED
PA-BNK-000039,PA-INS-000042,PA-00000039,PARTNER_A,LOCAL_BANK_TRANSFER,2025-01-08T16:09:00Z,2025-01-08,2025-01-09,USD,53.49,8852.74,7.062645,CNY,62523.69,SETTLED
PA-BNK-000040,PA-INS-000043,PA-00000040,PARTNER_A,LOCAL_BANK_TRANSFER,2025-01-08T18:23:00Z,2025-01-08,2025-01-09,USD,14.71,2437.05,7.060095,CNY,17205.78,SETTLED
PB-BNK-000041,PB-INS-000035,PB-00000041,PARTNER_B,LOCAL_BANK_TRANSFER,2025-01-08T15:59:00Z,2025-01-08,2025-01-10,USD,10.74,1629.97,7.062531,CNY,11511.67,SETTLED
PB-BNK-000042,PB-INS-000037,PB-00000042,PARTNER_B,LOCAL_BANK_TRANSFER,2025-01-08T16:11:00Z,2025-01-08,2025-01-10,USD,17.45,3536.26,7.064058,CNY,24980.31,SETTLED
PB-BNK-000043,PB-INS-000038,PB-00000043,PARTNER_B,LOCAL_BANK_TRANSFER,2025-01-08T18:27:00Z,2025-01-08,2025-01-10,USD,60.83,15887.13,7.061507,CNY,112187.01,SETTLED
PB-BNK-000044,PB-INS-000044,PB-00000044,PARTNER_B,LOCAL_BANK_TRANSFER,2025-01-08T19:58:00Z,2025-01-08,2025-01-10,USD,43.65,10994.61,7.056863,CNY,77587.39,SETTLED
PA-BNK-000045,PA-INS-000048,PA-00000045,PARTNER_A,LOCAL_BANK_TRANSFER,2025-01-09T14:44:00Z,2025-01-09,2025-01-10,USD,18.56,3071.89,7.057035,CNY,21678.38,SETTLED
PA-BNK-000046,PA-INS-000050,PA-00000046,PARTNER_A,LOCAL_BANK_TRANSFER,2025-01-09T14:56:00Z,2025-01-09,2025-01-10,USD,13.29,2200.72,7.057035,CNY,15530.54,SETTLED
PA-BNK-000047,PA-INS-000047,PA-00000047,PARTNER_A,LOCAL_BANK_TRANSFER,2025-01-09T15:06:00Z,2025-01-09,2025-01-10,USD,17.89,2960.32,7.058311,CNY,20894.85,SETTLED
PA-BNK-000048,PA-INS-000049,PA-00000048,PARTNER_A,LOCAL_BANK_TRANSFER,2025-01-09T16:12:00Z,2025-01-09,2025-01-10,USD,22.78,3764.92,7.065082,CNY,26599.40,SETTLED
PA-BNK-000049,PA-INS-000046,PA-00000049,PARTNER_A,SWIFT,2025-01-09T16:38:00Z,2025-01-09,2025-01-10,USD,19.61,3241.97,7.065082,CNY,22904.72,SETTLED
PA-BNK-000050,PA-INS-000052,PA-00000050,PARTNER_A,LOCAL_BANK_TRANSFER,2025-01-09T17:06:00Z,2025-01-09,2025-01-10,USD,24.40,4033.31,7.066935,CNY,28503.12,SETTLED
PA-BNK-000051,PA-INS-000055,PA-00000051,PARTNER_A,LOCAL_BANK_TRANSFER,2025-01-09T18:12:00Z,2025-01-09,2025-01-10,USD,19.84,3279.20,7.075762,CNY,23202.79,SETTLED
PA-BNK-000052,PA-INS-000054,PA-00000052,PARTNER_A,LOCAL_BANK_TRANSFER,2025-01-09T19:07:00Z,2025-01-09,2025-01-10,USD,35.29,5832.94,7.075927,CNY,41273.44,SETTLED
PB-BNK-000053,PB-INS-000045,PB-00000053,PARTNER_B,LOCAL_BANK_TRANSFER,2025-01-09T14:58:00Z,2025-01-09,2025-01-13,USD,75.50,20055.55,7.058447,CNY,141561.03,SETTLED
PB-BNK-000054,PB-INS-000051,PB-00000054,PARTNER_B,SWIFT,2025-01-09T17:02:00Z,2025-01-09,2025-01-13,USD,18.90,3942.83,7.068349,CNY,27869.27,SETTLED
PB-BNK-000055,PB-INS-000053,PB-00000055,PARTNER_B,LOCAL_BANK_TRANSFER,2025-01-09T17:20:00Z,2025-01-09,2025-01-13,USD,34.96,8514.28,7.068349,CNY,60181.84,SETTLED
PB-BNK-000056,PB-INS-000056,PB-00000056,PARTNER_B,LOCAL_BANK_TRANSFER,2025-01-09T20:38:00Z,2025-01-09,2025-01-13,USD,13.69,2461.51,7.078192,CNY,17423.02,SETTLED
PA-BNK-000057,PA-INS-000058,PA-00000057,PARTNER_A,LOCAL_BANK_TRANSFER,2025-01-10T15:33:00Z,2025-01-10,2025-01-13,USD,102.61,16999.19,7.065415,CNY,120106.33,SETTLED
PA-BNK-000058,PA-INS-000057,PA-00000058,PARTNER_A,LOCAL_BANK_TRANSFER,2025-01-10T16:29:00Z,2025-01-10,2025-01-13,USD,12.53,2074.82,7.067677,CNY,14664.09,SETTLED
PA-BNK-000059,PA-INS-000062,PA-00000059,PARTNER_A,LOCAL_BANK_TRANSFER,2025-01-10T16:43:00Z,2025-01-10,2025-01-13,USD,67.95,11241.75,7.067677,CNY,79453.00,SETTLED
PA-BNK-000060,PA-INS-000059,PA-00000060,PARTNER_A,SWIFT,2025-01-10T17:02:00Z,2025-01-10,2025-01-13,USD,19.93,3300.48,7.068933,CNY,23330.83,SETTLED
PA-BNK-000061,PA-INS-000063,PA-00000061,PARTNER_A,LOCAL_BANK_TRANSFER,2025-01-10T17:09:00Z,2025-01-10,2025-01-13,USD,110.32,18253.14,7.068933,CNY,129030.17,SETTLED
PA-BNK-000062,PA-INS-000064,PA-00000062,PARTNER_A,SWIFT,2025-01-10T18:35:00Z,2025-01-10,2025-01-13,USD,29.11,4814.58,7.074496,CNY,34060.67,SETTLED
PA-BNK-000063,PA-INS-000066,PA-00000063,PARTNER_A,LOCAL_BANK_TRANSFER,2025-01-10T20:58:00Z,2025-01-10,2025-01-13,USD,20.98,3471.04,7.076271,CNY,24561.99,SETTLED
PB-BNK-000064,PB-INS-000061,PB-00000064,PARTNER_B,LOCAL_BANK_TRANSFER,2025-01-10T16:08:00Z,2025-01-10,2025-01-14,USD,72.02,19098.50,7.069091,CNY,135008.98,SETTLED
PB-BNK-000065,PB-INS-000060,PB-00000065,PARTNER_B,LOCAL_BANK_TRANSFER,2025-01-10T16:23:00Z,2025-01-10,2025-01-14,USD,10.41,1535.18,7.069091,CNY,10852.32,SETTLED
PA-BNK-000066,PA-INS-000068,PA-00000066,PARTNER_A,LOCAL_BANK_TRANSFER,2025-01-13T15:38:00Z,2025-01-13,2025-01-14,USD,51.94,8613.05,7.063149,CNY,60835.23,SETTLED
PA-BNK-000067,PA-INS-000070,PA-00000067,PARTNER_A,SWIFT,2025-01-13T16:52:00Z,2025-01-13,2025-01-14,USD,300.00,49649.91,7.064617,CNY,350757.55,SETTLED
PB-BNK-000068,PB-INS-000065,PB-00000068,PARTNER_B,LOCAL_BANK_TRANSFER,2025-01-13T15:38:00Z,2025-01-13,2025-01-15,USD,15.12,2878.41,7.064562,CNY,20334.66,SETTLED
PB-BNK-000069,PB-INS-000069,PB-00000069,PARTNER_B,LOCAL_BANK_TRANSFER,2025-01-13T15:43:00Z,2025-01-13,2025-01-15,USD,19.99,4264.78,7.064562,CNY,30128.79,SETTLED
PB-BNK-000070,PB-INS-000067,PB-00000070,PARTNER_B,SWIFT,2025-01-13T18:37:00Z,2025-01-13,2025-01-15,USD,10.64,1600.51,7.065716,CNY,11308.73,SETTLED
PB-BNK-000071,PB-INS-000071,PB-00000071,PARTNER_B,LOCAL_BANK_TRANSFER,2025-01-13T20:54:00Z,2025-01-13,2025-01-15,USD,13.90,2525.93,7.068541,CNY,17854.57,SETTLED
PA-BNK-000072,PA-INS-000074,PA-00000072,PARTNER_A,SWIFT,2025-01-14T14:52:00Z,2025-01-14,2025-01-15,USD,15.88,2619.86,7.083396,CNY,18557.46,SETTLED
PA-BNK-000073,PA-INS-000077,PA-00000073,PARTNER_A,LOCAL_BANK_TRANSFER,2025-01-14T17:50:00Z,2025-01-14,2025-01-15,USD,79.32,13107.03,7.081964,CNY,92823.46,SETTLED
PB-BNK-000074,PB-INS-000073,PB-00000074,PARTNER_B,LOCAL_BANK_TRANSFER,2025-01-14T15:35:00Z,2025-01-14,2025-01-16,USD,12.33,2073.29,7.086232,CNY,14691.81,SETTLED
PB-BNK-000075,PB-INS-000075,PB-00000075,PARTNER_B,LOCAL_BANK_TRANSFER,2025-01-14T15:40:00Z,2025-01-14,2025-01-16,USD,35.37,8615.19,7.086232,CNY,61049.22,SETTLED
PB-BNK-000076,PB-INS-000072,PB-00000076,PARTNER_B,LOCAL_BANK_TRANSFER,2025-01-14T15:43:00Z,2025-01-14,2025-01-16,USD,29.28,6886.56,7.086232,CNY,48799.70,SETTLED
PB-BNK-000077,PB-INS-000076,PB-00000077,PARTNER_B,SWIFT,2025-01-14T15:49:00Z,2025-01-14,2025-01-16,USD,16.74,3328.59,7.086232,CNY,23587.12,SETTLED
PA-BNK-000078,PA-INS-000082,PA-00000078,PARTNER_A,LOCAL_BANK_TRANSFER,2025-01-15T14:32:00Z,2025-01-15,2025-01-16,USD,16.28,2697.89,7.070467,CNY,19075.33,SETTLED
PA-BNK-000079,PA-INS-000083,PA-00000079,PARTNER_A,LOCAL_BANK_TRANSFER,2025-01-15T14:35:00Z,2025-01-15,2025-01-16,USD,72.16,11947.66,7.070467,CNY,84475.48,SETTLED
PA-BNK-000080,PA-INS-000084,PA-00000080,PARTNER_A,LOCAL_BANK_TRANSFER,2025-01-15T14:57:00Z,2025-01-15,2025-01-16,USD,8.55,1416.14,7.070467,CNY,10012.71,SETTLED
PA-BNK-000081,PA-INS-000085,PA-00000081,PARTNER_A,LOCAL_BANK_TRANSFER,2025-01-15T16:19:00Z,2025-01-15,2025-01-16,USD,26.97,4459.82,7.072677,CNY,31542.80,SETTLED
PA-BNK-000082,PA-INS-000086,PA-00000082,PARTNER_A,LOCAL_BANK_TRANSFER,2025-01-15T18:59:00Z,2025-01-15,2025-01-16,USD,14.69,2431.34,7.073950,CNY,17199.13,SETTLED
PB-BNK-000083,PB-INS-000078,PB-00000083,PARTNER_B,SWIFT,2025-01-15T15:11:00Z,2025-01-15,2025-01-17,USD,71.39,18923.71,7.067265,CNY,133738.83,SETTLED
PB-BNK-000084,PB-INS-000081,PB-00000084,PARTNER_B,SWIFT,2025-01-15T16:18:00Z,2025-01-15,2025-01-17,USD,15.86,3085.93,7.074092,CNY,21830.12,SETTLED
PB-BNK-000085,PB-INS-000080,PB-00000085,PARTNER_B,SWIFT,2025-01-15T16:36:00Z,2025-01-15,2025-01-17,USD,21.93,4809.86,7.074092,CNY,34025.37,SETTLED
PB-BNK-000086,PB-INS-000079,PB-00000086,PARTNER_B,LOCAL_BANK_TRANSFER,2025-01-15T18:00:00Z,2025-01-15,2025-01-17,USD,40.82,10188.22,7.075366,CNY,72085.34,SETTLED
PA-BNK-000087,PA-INS-000090,PA-00000087,PARTNER_A,LOCAL_BANK_TRANSFER,2025-01-16T14:31:00Z,2025-01-16,2025-01-17,USD,20.01,3319.57,7.046047,CNY,23389.81,SETTLED
PA-BNK-000088,PA-INS-000089,PA-00000088,PARTNER_A,LOCAL_BANK_TRANSFER,2025-01-16T16:06:00Z,2025-01-16,2025-01-17,USD,14.95,2483.46,7.039513,CNY,17482.28,SETTLED
PA-BNK-000089,PA-INS-000093,PA-00000089,PARTNER_A,SWIFT,2025-01-16T17:05:00Z,2025-01-16,2025-01-17,USD,28.60,4736.57,7.041532,CNY,33352.68,SETTLED
PB-BNK-000090,PB-INS-000091,PB-00000090,PARTNER_B,SWIFT,2025-01-16T14:50:00Z,2025-01-16,2025-01-21,USD,16.34,3227.72,7.047457,CNY,22747.19,SETTLED
PB-BNK-000091,PB-INS-000092,PB-00000091,PARTNER_B,LOCAL_BANK_TRANSFER,2025-01-16T16:17:00Z,2025-01-16,2025-01-21,USD,60.45,15764.09,7.040922,CNY,110993.71,SETTLED
PB-BNK-000092,PB-INS-000087,PB-00000092,PARTNER_B,LOCAL_BANK_TRANSFER,2025-01-16T16:20:00Z,2025-01-16,2025-01-21,USD,59.41,15546.50,7.040922,CNY,109461.64,SETTLED
PB-BNK-000093,PB-INS-000088,PB-00000093,PARTNER_B,LOCAL_BANK_TRANSFER,2025-01-16T16:40:00Z,2025-01-16,2025-01-21,USD,8.23,917.26,7.040922,CNY,6458.31,SETTLED
PA-BNK-000094,PA-INS-000098,PA-00000094,PARTNER_A,LOCAL_BANK_TRANSFER,2025-01-17T14:34:00Z,2025-01-17,2025-01-21,USD,14.68,2428.85,7.043831,CNY,17108.37,SETTLED
PA-BNK-000095,PA-INS-000099,PA-00000095,PARTNER_A,SWIFT,2025-01-17T15:44:00Z,2025-01-17,2025-01-21,USD,51.44,8516.13,7.039901,CNY,59952.70,SETTLED
PA-BNK-000096,PA-INS-000096,PA-00000096,PARTNER_A,LOCAL_BANK_TRANSFER,2025-01-17T16:25:00Z,2025-01-17,2025-01-21,USD,15.89,2633.78,7.033442,CNY,18524.48,SETTLED
PA-BNK-000097,PA-INS-000095,PA-00000097,PARTNER_A,SWIFT,2025-01-17T17:10:00Z,2025-01-17,2025-01-21,USD,15.81,2618.34,7.038060,CNY,18427.99,SETTLED
PA-BNK-000098,PA-INS-000100,PA-00000098,PARTNER_A,LOCAL_BANK_TRANSFER,2025-01-17T18:25:00Z,2025-01-17,2025-01-21,USD,45.40,7507.34,7.040515,CNY,52855.48,SETTLED
PB-BNK-000099,PB-INS-000094,PB-00000099,PARTNER_B,LOCAL_BANK_TRANSFER,2025-01-17T15:04:00Z,2025-01-17,2025-01-22,USD,25.37,5799.23,7.041309,CNY,40834.12,SETTLED
PB-BNK-000100,PB-INS-000097,PB-00000100,PARTNER_B,SWIFT,2025-01-17T17:13:00Z,2025-01-17,2025-01-22,USD,50.32,12890.66,7.039468,CNY,90743.36,SETTLED
PA-BNK-000101,PA-INS-000101,PA-00000101,PARTNER_A,LOCAL_BANK_TRANSFER,2025-01-21T14:18:00Z,2025-01-21,2025-01-22,USD,53.70,8870.47,7.055975,CNY,62589.76,SETTLED
PA-BNK-000102,PA-INS-000107,PA-00000102,PARTNER_A,LOCAL_BANK_TRANSFER,2025-01-21T16:05:00Z,2025-01-21,2025-01-22,USD,63.57,10526.88,7.053504,CNY,74251.38,SETTLED
PB-BNK-000103,PB-INS-000105,PB-00000103,PARTNER_B,LOCAL_BANK_TRANSFER,2025-01-21T14:55:00Z,2025-01-21,2025-01-23,USD,14.62,2732.92,7.057387,CNY,19287.26,SETTLED
PB-BNK-000104,PB-INS-000106,PB-00000104,PARTNER_B,SWIFT,2025-01-21T15:47:00Z,2025-01-21,2025-01-23,USD,9.28,1211.59,7.058640,CNY,8552.12,SETTLED
PB-BNK-000105,PB-INS-000102,PB-00000105,PARTNER_B,SWIFT,2025-01-21T16:03:00Z,2025-01-21,2025-01-23,USD,15.55,2990.95,7.054916,CNY,21100.85,SETTLED
PB-BNK-000106,PB-INS-000104,PB-00000106,PARTNER_B,LOCAL_BANK_TRANSFER,2025-01-21T19:31:00Z,2025-01-21,2025-01-23,USD,20.14,4300.14,7.058383,CNY,30351.98,SETTLED
PB-BNK-000107,PB-INS-000108,PB-00000107,PARTNER_B,LOCAL_BANK_TRANSFER,2025-01-21T19:31:00Z,2025-01-21,2025-01-23,USD,130.08,35552.74,7.058383,CNY,250944.80,SETTLED
PB-BNK-000108,PB-INS-000103,PB-00000108,PARTNER_B,LOCAL_BANK_TRANSFER,2025-01-21T19:37:00Z,2025-01-21,2025-01-23,USD,21.35,4637.41,7.058383,CNY,32732.57,SETTLED
PB-BNK-000109,PB-INS-000109,PB-00000109,PARTNER_B,LOCAL_BANK_TRANSFER,2025-01-21T20:00:00Z,2025-01-21,2025-01-23,USD,25.36,5779.98,7.058204,CNY,40796.26,SETTLED
PA-BNK-000110,PA-INS-000112,PA-00000110,PARTNER_A,LOCAL_BANK_TRANSFER,2025-01-22T14:46:00Z,2025-01-22,2025-01-23,USD,25.07,4150.73,7.054937,CNY,29283.12,SETTLED
PA-BNK-000111,PA-INS-000115,PA-00000111,PARTNER_A,LOCAL_BANK_TRANSFER,2025-01-22T15:18:00Z,2025-01-22,2025-01-23,USD,36.55,6050.94,7.058043,CNY,42707.74,SETTLED
PA-BNK-000112,PA-INS-000117,PA-00000112,PARTNER_A,LOCAL_BANK_TRANSFER,2025-01-22T17:13:00Z,2025-01-22,2025-01-23,USD,17.56,2907.79,7.064761,CNY,20542.82,SETTLED
PA-BNK-000113,PA-INS-000114,PA-00000113,PARTNER_A,SWIFT,2025-01-22T17:42:00Z,2025-01-22,2025-01-23,USD,10.80,1786.68,7.064761,CNY,12622.41,SETTLED
PA-BNK-000114,PA-INS-000119,PA-00000114,PARTNER_A,LOCAL_BANK_TRANSFER,2025-01-22T18:50:00Z,2025-01-22,2025-01-23,USD,10.22,1692.89,7.059741,CNY,11951.35,SETTLED
PA-BNK-000115,PA-INS-000121,PA-00000115,PARTNER_A,SWIFT,2025-01-22T20:25:00Z,2025-01-22,2025-01-23,USD,13.64,2260.38,7.052208,CNY,15940.65,SETTLED
PB-BNK-000116,PB-INS-000110,PB-00000116,PARTNER_B,SWIFT,2025-01-22T15:08:00Z,2025-01-22,2025-01-24,USD,13.04,2278.13,7.059455,CNY,16082.31,SETTLED
PB-BNK-000117,PB-INS-000113,PB-00000117,PARTNER_B,SWIFT,2025-01-22T15:15:00Z,2025-01-22,2025-01-24,USD,24.90,5654.11,7.059455,CNY,39914.90,SETTLED
PB-BNK-000118,PB-INS-000118,PB-00000118,PARTNER_B,LOCAL_BANK_TRANSFER,2025-01-22T18:39:00Z,2025-01-22,2025-01-24,USD,10.81,1650.07,7.061153,CNY,11651.36,SETTLED
PB-BNK-000119,PB-INS-000116,PB-00000119,PARTNER_B,SWIFT,2025-01-22T18:54:00Z,2025-01-22,2025-01-24,USD,11.15,1745.77,7.061153,CNY,12327.08,SETTLED
PB-BNK-000120,PB-INS-000111,PB-00000120,PARTNER_B,LOCAL_BANK_TRANSFER,2025-01-22T19:41:00Z,2025-01-22,2025-01-24,USD,8.69,1044.34,7.059199,CNY,7372.16,SETTLED
PA-BNK-000121,PA-INS-000124,PA-00000121,PARTNER_A,LOCAL_BANK_TRANSFER,2025-01-23T15:59:00Z,2025-01-23,2025-01-24,USD,300.00,49670.34,7.061866,CNY,350765.25,SETTLED
PA-BNK-000122,PA-INS-000126,PA-00000122,PARTNER_A,LOCAL_BANK_TRANSFER,2025-01-23T16:40:00Z,2025-01-23,2025-01-24,USD,51.07,8463.66,7.060811,CNY,59760.26,SETTLED
PA-BNK-000123,PA-INS-000127,PA-00000123,PARTNER_A,LOCAL_BANK_TRANSFER,2025-01-23T16:43:00Z,2025-01-23,2025-01-24,USD,17.64,2921.60,7.060811,CNY,20628.82,SETTLED
PA-BNK-000124,PA-INS-000125,PA-00000124,PARTNER_A,LOCAL_BANK_TRANSFER,2025-01-23T16:57:00Z,2025-01-23,2025-01-24,USD,13.04,2161.61,7.060811,CNY,15262.68,SETTLED
PA-BNK-000125,PA-INS-000130,PA-00000125,PARTNER_A,LOCAL_BANK_TRANSFER,2025-01-23T18:57:00Z,2025-01-23,2025-01-24,USD,21.94,3632.89,7.064486,CNY,25664.44,SETTLED
PB-BNK-000126,PB-INS-000120,PB-00000126,PARTNER_B,LOCAL_BANK_TRANSFER,2025-01-23T14:28:00Z,2025-01-23,2025-01-27,USD,12.28,2063.09,7.067236,CNY,14580.31,SETTLED
PB-BNK-000127,PB-INS-000123,PB-00000127,PARTNER_B,LOCAL_BANK_TRANSFER,2025-01-23T15:49:00Z,2025-01-23,2025-01-27,USD,81.26,21652.80,7.063279,CNY,152939.71,SETTLED
PB-BNK-000128,PB-INS-000128,PB-00000128,PARTNER_B,SWIFT,2025-01-23T17:11:00Z,2025-01-23,2025-01-27,USD,20.29,4344.66,7.066678,CNY,30702.27,SETTLED
PB-BNK-000129,PB-INS-000129,PB-00000129,PARTNER_B,LOCAL_BANK_TRANSFER,2025-01-23T17:39:00Z,2025-01-23,2025-01-27,USD,12.78,2207.00,7.066678,CNY,15596.14,SETTLED
PB-BNK-000130,PB-INS-000122,PB-00000130,PARTNER_B,SWIFT,2025-01-23T19:09:00Z,2025-01-23,2025-01-27,USD,17.19,3458.63,7.061537,CNY,24423.18,SETTLED
PA-BNK-000131,PA-INS-000136,PA-00000131,PARTNER_A,LOCAL_BANK_TRANSFER,2025-01-24T14:46:00Z,2025-01-24,2025-01-27,USD,36.75,6059.66,7.093671,CNY,42985.22,SETTLED
PA-BNK-000132,PA-INS-000132,PA-00000132,PARTNER_A,SWIFT,2025-01-24T16:17:00Z,2025-01-24,2025-01-27,USD,33.75,5568.72,7.085908,CNY,39459.37,SETTLED
PA-BNK-000133,PA-INS-000133,PA-00000133,PARTNER_A,LOCAL_BANK_TRANSFER,2025-01-24T16:52:00Z,2025-01-24,2025-01-27,USD,50.87,8394.51,7.085908,CNY,59482.66,SETTLED
PB-BNK-000134,PB-INS-000139,PB-00000134,PARTNER_B,SWIFT,2025-01-24T15:54:00Z,2025-01-24,2025-02-05,USD,41.95,10505.20,7.094743,CNY,74531.67,SETTLED
PB-BNK-000135,PB-INS-000135,PB-00000135,PARTNER_B,LOCAL_BANK_TRANSFER,2025-01-24T16:02:00Z,2025-01-24,2025-02-05,USD,39.79,9862.82,7.087325,CNY,69900.96,SETTLED
PB-BNK-000136,PB-INS-000138,PB-00000136,PARTNER_B,LOCAL_BANK_TRANSFER,2025-01-24T16:46:00Z,2025-01-24,2025-02-05,USD,17.28,3491.85,7.087325,CNY,24747.87,SETTLED
PB-BNK-000137,PB-INS-000134,PB-00000137,PARTNER_B,LOCAL_BANK_TRANSFER,2025-01-24T18:27:00Z,2025-01-24,2025-02-05,USD,36.26,8863.26,7.085684,CNY,62802.24,SETTLED
PB-BNK-000138,PB-INS-000131,PB-00000138,PARTNER_B,LOCAL_BANK_TRANSFER,2025-01-24T18:41:00Z,2025-01-24,2025-02-05,USD,34.13,8255.55,7.085684,CNY,58496.17,SETTLED
PB-BNK-000139,PB-INS-000142,PB-00000139,PARTNER_B,LOCAL_BANK_TRANSFER,2025-01-24T18:53:00Z,2025-01-24,2025-02-05,USD,14.38,2662.55,7.085684,CNY,18865.94,SETTLED
PB-BNK-000140,PB-INS-000137,PB-00000140,PARTNER_B,LOCAL_BANK_TRANSFER,2025-01-24T18:58:00Z,2025-01-24,2025-02-05,USD,18.46,3823.72,7.085684,CNY,27093.61,SETTLED
PB-BNK-000141,PB-INS-000141,PB-00000141,PARTNER_B,LOCAL_BANK_TRANSFER,2025-01-24T19:17:00Z,2025-01-24,2025-02-05,USD,14.71,2759.94,7.081703,CNY,19545.07,SETTLED
PB-BNK-000142,PB-INS-000140,PB-00000142,PARTNER_B,LOCAL_BANK_TRANSFER,2025-01-24T19:36:00Z,2025-01-24,2025-02-05,USD,38.38,9505.90,7.081703,CNY,67317.90,SETTLED
PA-BNK-000143,PA-INS-000148,PA-00000143,PARTNER_A,SWIFT,2025-01-27T18:54:00Z,2025-01-27,2025-02-05,USD,26.43,4375.32,7.062388,CNY,30900.18,SETTLED
PB-BNK-000144,PB-INS-000146,PB-00000144,PARTNER_B,LOCAL_BANK_TRANSFER,2025-01-27T15:19:00Z,2025-01-27,2025-02-06,USD,15.55,2996.84,7.073906,CNY,21199.34,SETTLED
PB-BNK-000145,PB-INS-000145,PB-00000145,PARTNER_B,LOCAL_BANK_TRANSFER,2025-01-27T15:33:00Z,2025-01-27,2025-02-06,USD,16.12,3157.05,7.073906,CNY,22332.62,SETTLED
PB-BNK-000146,PB-INS-000144,PB-00000146,PARTNER_B,LOCAL_BANK_TRANSFER,2025-01-27T15:38:00Z,2025-01-27,2025-02-06,USD,39.01,9675.80,7.073906,CNY,68445.67,SETTLED
PB-BNK-000147,PB-INS-000147,PB-00000147,PARTNER_B,LOCAL_BANK_TRANSFER,2025-01-27T16:21:00Z,2025-01-27,2025-02-06,USD,12.44,2110.36,7.075690,CNY,14932.23,SETTLED
PB-BNK-000148,PB-INS-000143,PB-00000148,PARTNER_B,LOCAL_BANK_TRANSFER,2025-01-27T18:51:00Z,2025-01-27,2025-02-06,USD,14.47,2693.64,7.063801,CNY,19027.32,SETTLED
PB-BNK-000149,PB-INS-000149,PB-00000149,PARTNER_B,LOCAL_BANK_TRANSFER,2025-01-27T19:59:00Z,2025-01-27,2025-02-06,USD,39.57,9829.01,7.063833,CNY,69430.45,SETTLED
PA-BNK-000150,PA-INS-000151,PA-00000150,PARTNER_A,LOCAL_BANK_TRANSFER,2025-02-05T14:30:00Z,2025-02-05,2025-02-06,USD,64.97,10715.86,7.092286,CNY,75999.89,SETTLED
PA-BNK-000151,PA-INS-000154,PA-00000151,PARTNER_A,LOCAL_BANK_TRANSFER,2025-02-05T16:54:00Z,2025-02-05,2025-02-06,USD,7.94,1314.94,7.095888,CNY,9330.60,SETTLED
PA-BNK-000152,PA-INS-000153,PA-00000152,PARTNER_A,LOCAL_BANK_TRANSFER,2025-02-05T17:01:00Z,2025-02-05,2025-02-06,USD,22.38,3693.39,7.101447,CNY,26228.38,SETTLED
PA-BNK-000153,PA-INS-000156,PA-00000153,PARTNER_A,LOCAL_BANK_TRANSFER,2025-02-05T21:05:00Z,2025-02-05,2025-02-06,USD,6.55,1082.26,7.108516,CNY,7693.24,SETTLED
PB-BNK-000154,PB-INS-000150,PB-00000154,PARTNER_B,LOCAL_BANK_TRANSFER,2025-02-05T16:16:00Z,2025-02-05,2025-02-07,USD,30.55,7231.34,7.097307,CNY,51323.01,SETTLED
PB-BNK-000155,PB-INS-000155,PB-00000155,PARTNER_B,LOCAL_BANK_TRANSFER,2025-02-05T17:14:00Z,2025-02-05,2025-02-07,USD,23.48,5244.12,7.102868,CNY,37248.25,SETTLED
PB-BNK-000156,PB-INS-000152,PB-00000156,PARTNER_B,LOCAL_BANK_TRANSFER,2025-02-05T17:19:00Z,2025-02-05,2025-02-07,USD,10.23,1478.60,7.102868,CNY,10502.30,SETTLED
PA-BNK-000157,PA-INS-000159,PA-00000157,PARTNER_A,LOCAL_BANK_TRANSFER,2025-02-06T15:40:00Z,2025-02-06,2025-02-07,USD,19.65,3252.37,7.116158,CNY,23144.34,SETTLED
PA-BNK-000158,PA-INS-000160,PA-00000158,PARTNER_A,LOCAL_BANK_TRANSFER,2025-02-06T16:49:00Z,2025-02-06,2025-02-07,USD,29.80,4936.89,7.110442,CNY,35103.43,SETTLED
PA-BNK-000159,PA-INS-000162,PA-00000159,PARTNER_A,LOCAL_BANK_TRANSFER,2025-02-06T17:12:00Z,2025-02-06,2025-02-07,USD,114.83,19001.76,7.118843,CNY,135270.51,SETTLED
PA-BNK-000160,PA-INS-000164,PA-00000160,PARTNER_A,LOCAL_BANK_TRANSFER,2025-02-06T21:42:00Z,2025-02-06,2025-02-07,USD,43.20,7151.59,7.119721,CNY,50917.31,SETTLED
PB-BNK-000161,PB-INS-000157,PB-00000161,PARTNER_B,LOCAL_BANK_TRANSFER,2025-02-06T15:31:00Z,2025-02-06,2025-02-10,USD,23.44,5232.99,7.117582,CNY,37246.23,SETTLED
PB-BNK-000162,PB-INS-000158,PB-00000162,PARTNER_B,LOCAL_BANK_TRANSFER,2025-02-06T16:43:00Z,2025-02-06,2025-02-10,USD,14.32,2643.84,7.111864,CNY,18802.60,SETTLED
PB-BNK-000163,PB-INS-000161,PB-00000163,PARTNER_B,LOCAL_BANK_TRANSFER,2025-02-06T17:17:00Z,2025-02-06,2025-02-10,USD,15.81,3068.73,7.120268,CNY,21850.17,SETTLED
PB-BNK-000164,PB-INS-000163,PB-00000164,PARTNER_B,LOCAL_BANK_TRANSFER,2025-02-06T19:28:00Z,2025-02-06,2025-02-10,USD,20.27,4335.28,7.121052,CNY,30871.71,SETTLED
PA-BNK-000165,PA-INS-000168,PA-00000165,PARTNER_A,LOCAL_BANK_TRANSFER,2025-02-07T15:17:00Z,2025-02-07,2025-02-10,USD,16.02,2648.86,7.129761,CNY,18885.72,SETTLED
PA-BNK-000166,PA-INS-000167,PA-00000166,PARTNER_A,SWIFT,2025-02-07T15:42:00Z,2025-02-07,2025-02-10,USD,74.05,12242.36,7.129761,CNY,87285.07,SETTLED
PA-BNK-000167,PA-INS-000171,PA-00000167,PARTNER_A,LOCAL_BANK_TRANSFER,2025-02-07T16:17:00Z,2025-02-07,2025-02-10,USD,66.59,11023.32,7.130276,CNY,78599.29,SETTLED
PA-BNK-000168,PA-INS-000172,PA-00000168,PARTNER_A,LOCAL_BANK_TRANSFER,2025-02-07T17:22:00Z,2025-02-07,2025-02-10,USD,30.05,4978.90,7.127317,CNY,35486.17,SETTLED
PA-BNK-000169,PA-INS-000170,PA-00000169,PARTNER_A,SWIFT,2025-02-07T17:26:00Z,2025-02-07,2025-02-10,USD,57.67,9550.38,7.127317,CNY,68068.55,SETTLED
PB-BNK-000170,PB-INS-000165,PB-00000170,PARTNER_B,LOCAL_BANK_TRANSFER,2025-02-07T14:41:00Z,2025-02-07,2025-02-11,USD,66.09,17338.12,7.134190,CNY,123693.44,SETTLED
PB-BNK-000171,PB-INS-000169,PB-00000171,PARTNER_B,SWIFT,2025-02-07T16:27:00Z,2025-02-07,2025-02-11,USD,29.07,6836.06,7.131702,CNY,48752.68,SETTLED
PB-BNK-000172,PB-INS-000166,PB-00000172,PARTNER_B,LOCAL_BANK_TRANSFER,2025-02-07T17:59:00Z,2025-02-07,2025-02-11,USD,23.81,5339.22,7.128743,CNY,38061.87,SETTLED
PA-BNK-000173,PA-INS-000179,PA-00000173,PARTNER_A,LOCAL_BANK_TRANSFER,2025-02-10T15:06:00Z,2025-02-10,2025-02-11,USD,69.34,11481.00,7.146222,CNY,82045.72,SETTLED
PA-BNK-000174,PA-INS-000177,PA-00000174,PARTNER_A,SWIFT,2025-02-10T15:17:00Z,2025-02-10,2025-02-11,USD,68.46,11342.44,7.146222,CNY,81055.54,SETTLED
PA-BNK-000175,PA-INS-000176,PA-00000175,PARTNER_A,LOCAL_BANK_TRANSFER,2025-02-10T15:30:00Z,2025-02-10,2025-02-11,USD,14.87,2459.32,7.146222,CNY,17574.81,SETTLED
PA-BNK-000176,PA-INS-000175,PA-00000176,PARTNER_A,LOCAL_BANK_TRANSFER,2025-02-10T15:32:00Z,2025-02-10,2025-02-11,USD,32.63,5393.02,7.146222,CNY,38539.68,SETTLED
PA-BNK-000177,PA-INS-000183,PA-00000177,PARTNER_A,LOCAL_BANK_TRANSFER,2025-02-10T20:40:00Z,2025-02-10,2025-02-11,USD,29.17,4828.27,7.133444,CNY,34442.19,SETTLED
PB-BNK-000178,PB-INS-000174,PB-00000178,PARTNER_B,LOCAL_BANK_TRANSFER,2025-02-10T15:45:00Z,2025-02-10,2025-02-12,USD,11.26,1773.91,7.147652,CNY,12679.23,SETTLED
PB-BNK-000179,PB-INS-000173,PB-00000179,PARTNER_B,LOCAL_BANK_TRANSFER,2025-02-10T16:39:00Z,2025-02-10,2025-02-12,USD,17.92,3666.10,7.144605,CNY,26192.79,SETTLED
PB-BNK-000180,PB-INS-000178,PB-00000180,PARTNER_B,LOCAL_BANK_TRANSFER,2025-02-10T17:06:00Z,2025-02-10,2025-02-12,USD,18.45,3825.97,7.143849,CNY,27332.10,SETTLED
PB-BNK-000181,PB-INS-000180,PB-00000181,PARTNER_B,LOCAL_BANK_TRANSFER,2025-02-10T17:25:00Z,2025-02-10,2025-02-12,USD,20.41,4380.20,7.143849,CNY,31291.47,SETTLED
PB-BNK-000182,PB-INS-000181,PB-00000182,PARTNER_B,LOCAL_BANK_TRANSFER,2025-02-10T18:55:00Z,2025-02-10,2025-02-12,USD,71.16,18822.50,7.139765,CNY,134388.20,SETTLED
PA-BNK-000183,PA-INS-000184,PA-00000183,PARTNER_A,LOCAL_BANK_TRANSFER,2025-02-11T15:13:00Z,2025-02-11,2025-02-12,USD,25.28,4173.31,7.163976,CNY,29897.45,SETTLED
PA-BNK-000184,PA-INS-000188,PA-00000184,PARTNER_A,LOCAL_BANK_TRANSFER,2025-02-11T15:30:00Z,2025-02-11,2025-02-12,USD,127.83,21155.81,7.163976,CNY,151559.70,SETTLED
PA-BNK-000185,PA-INS-000189,PA-00000185,PARTNER_A,LOCAL_BANK_TRANSFER,2025-02-11T16:34:00Z,2025-02-11,2025-02-12,USD,15.21,2518.07,7.163403,CNY,18037.88,SETTLED
PA-BNK-000186,PA-INS-000190,PA-00000186,PARTNER_A,LOCAL_BANK_TRANSFER,2025-02-11T20:15:00Z,2025-02-11,2025-02-12,USD,19.53,3230.53,7.171692,CNY,23168.35,SETTLED
PA-BNK-000187,PA-INS-000192,PA-00000187,PARTNER_A,LOCAL_BANK_TRANSFER,2025-02-11T21:33:00Z,2025-02-11,2025-02-12,USD,23.19,3840.28,7.169001,CNY,27530.95,SETTLED
PB-BNK-000188,PB-INS-000187,PB-00000188,PARTNER_B,LOCAL_BANK_TRANSFER,2025-02-11T15:24:00Z,2025-02-11,2025-02-13,USD,7.83,798.37,7.165410,CNY,5720.63,SETTLED
PB-BNK-000189,PB-INS-000186,PB-00000189,PARTNER_B,LOCAL_BANK_TRANSFER,2025-02-11T17:35:00Z,2025-02-11,2025-02-13,USD,16.02,3121.23,7.167334,CNY,22370.86,SETTLED
PB-BNK-000190,PB-INS-000182,PB-00000190,PARTNER_B,SWIFT,2025-02-11T18:27:00Z,2025-02-11,2025-02-13,USD,15.05,2839.91,7.168437,CNY,20357.65,SETTLED
PB-BNK-000191,PB-INS-000185,PB-00000191,PARTNER_B,LOCAL_BANK_TRANSFER,2025-02-11T19:23:00Z,2025-02-11,2025-02-13,USD,23.16,5141.83,7.170040,CNY,36867.12,SETTLED
PA-BNK-000192,PA-INS-000193,PA-00000192,PARTNER_A,LOCAL_BANK_TRANSFER,2025-02-12T15:22:00Z,2025-02-12,2025-02-13,USD,71.36,11823.34,7.156156,CNY,84609.66,SETTLED
PA-BNK-000193,PA-INS-000195,PA-00000193,PARTNER_A,SWIFT,2025-02-12T17:34:00Z,2025-02-12,2025-02-13,USD,11.93,1975.15,7.149346,CNY,14120.97,SETTLED
PB-BNK-000194,PB-INS-000191,PB-00000194,PARTNER_B,LOCAL_BANK_TRANSFER,2025-02-12T15:43:00Z,2025-02-12,2025-02-14,USD,17.94,3682.18,7.157588,CNY,26355.52,SETTLED
PB-BNK-000195,PB-INS-000194,PB-00000195,PARTNER_B,LOCAL_BANK_TRANSFER,2025-02-12T17:54:00Z,2025-02-12,2025-02-14,USD,19.95,4251.17,7.150777,CNY,30399.12,SETTLED
PB-BNK-000196,PB-INS-000196,PB-00000196,PARTNER_B,LOCAL_BANK_TRANSFER,2025-02-12T19:51:00Z,2025-02-12,2025-02-14,USD,15.28,2919.77,7.144594,CNY,20860.51,SETTLED
PA-BNK-000197,PA-INS-000200,PA-00000197,PARTNER_A,LOCAL_BANK_TRANSFER,2025-02-13T15:11:00Z,2025-02-13,2025-02-14,USD,20.31,3361.37,7.157007,CNY,24057.30,SETTLED
PA-BNK-000198,PA-INS-000197,PA-00000198,PARTNER_A,LOCAL_BANK_TRANSFER,2025-02-13T15:46:00Z,2025-02-13,2025-02-14,USD,8.92,1474.54,7.157007,CNY,10553.28,SETTLED
PA-BNK-000199,PA-INS-000203,PA-00000199,PARTNER_A,SWIFT,2025-02-13T19:10:00Z,2025-02-13,2025-02-14,USD,22.35,3697.48,7.158053,CNY,26466.74,SETTLED
PA-BNK-000200,PA-INS-000204,PA-00000200,PARTNER_A,LOCAL_BANK_TRANSFER,2025-02-13T21:25:00Z,2025-02-13,2025-02-14,USD,8.70,1440.36,7.156191,CNY,10307.46,SETTLED
PB-BNK-000201,PB-INS-000199,PB-00000201,PARTNER_B,LOCAL_BANK_TRANSFER,2025-02-13T15:42:00Z,2025-02-13,2025-02-18,USD,40.04,9960.88,7.158439,CNY,71304.30,SETTLED
PB-BNK-000202,PB-INS-000198,PB-00000202,PARTNER_B,LOCAL_BANK_TRANSFER,2025-02-13T17:18:00Z,2025-02-13,2025-02-18,USD,171.18,47185.69,7.156368,CNY,337678.16,SETTLED
PB-BNK-000203,PB-INS-000202,PB-00000203,PARTNER_B,LOCAL_BANK_TRANSFER,2025-02-13T17:52:00Z,2025-02-13,2025-02-18,USD,16.13,3160.62,7.156368,CNY,22618.49,SETTLED
PB-BNK-000204,PB-INS-000201,PB-00000204,PARTNER_B,LOCAL_BANK_TRANSFER,2025-02-13T18:31:00Z,2025-02-13,2025-02-18,USD,15.66,3027.54,7.157023,CNY,21668.15,SETTLED
PA-BNK-000205,PA-INS-000206,PA-00000205,PARTNER_A,SWIFT,2025-02-14T14:38:00Z,2025-02-14,2025-02-18,USD,38.60,6374.03,7.172250,CNY,45716.07,SETTLED
PA-BNK-000206,PA-INS-000208,PA-00000206,PARTNER_A,LOCAL_BANK_TRANSFER,2025-02-14T17:31:00Z,2025-02-14,2025-02-18,USD,49.07,8118.22,7.166899,CNY,58182.41,SETTLED
PA-BNK-000207,PA-INS-000213,PA-00000207,PARTNER_A,LOCAL_BANK_TRANSFER,2025-02-14T21:06:00Z,2025-02-14,2025-02-18,USD,8.36,1383.81,7.165366,CNY,9915.46,SETTLED
PA-BNK-000208,PA-INS-000210,PA-00000208,PARTNER_A,LOCAL_BANK_TRANSFER,2025-02-14T21:51:00Z,2025-02-14,2025-02-18,USD,8.84,1462.89,7.165366,CNY,10482.14,SETTLED
PB-BNK-000209,PB-INS-000205,PB-00000209,PARTNER_B,LOCAL_BANK_TRANSFER,2025-02-14T15:31:00Z,2025-02-14,2025-02-19,USD,18.33,3784.88,7.164273,CNY,27115.89,SETTLED
PB-BNK-000210,PB-INS-000207,PB-00000210,PARTNER_B,LOCAL_BANK_TRANSFER,2025-02-14T18:40:00Z,2025-02-14,2025-02-19,USD,8.76,1062.25,7.168420,CNY,7614.60,SETTLED
PB-BNK-000211,PB-INS-000209,PB-00000211,PARTNER_B,LOCAL_BANK_TRANSFER,2025-02-14T19:28:00Z,2025-02-14,2025-02-19,USD,26.55,6127.69,7.166138,CNY,43911.82,SETTLED
PA-BNK-000212,PA-INS-000218,PA-00000212,PARTNER_A,LOCAL_BANK_TRANSFER,2025-02-18T14:22:00Z,2025-02-18,2025-02-19,USD,15.24,2519.31,7.172000,CNY,18068.49,SETTLED
PA-BNK-000213,PA-INS-000219,PA-00000213,PARTNER_A,LOCAL_BANK_TRANSFER,2025-02-18T14:38:00Z,2025-02-18,2025-02-19,USD,51.27,8477.68,7.172000,CNY,60801.87,SETTLED
PA-BNK-000214,PA-INS-000220,PA-00000214,PARTNER_A,LOCAL_BANK_TRANSFER,2025-02-18T15:02:00Z,2025-02-18,2025-02-19,USD,10.48,1735.79,7.164647,CNY,12436.26,SETTLED
PA-BNK-000215,PA-INS-000216,PA-00000215,PARTNER_A,LOCAL_BANK_TRANSFER,2025-02-18T15:06:00Z,2025-02-18,2025-02-19,USD,78.69,13027.86,7.164647,CNY,93339.97,SETTLED
PA-BNK-000216,PA-INS-000214,PA-00000216,PARTNER_A,SWIFT,2025-02-18T15:40:00Z,2025-02-18,2025-02-19,USD,15.17,2511.53,7.164647,CNY,17994.20,SETTLED
PA-BNK-000217,PA-INS-000217,PA-00000217,PARTNER_A,LOCAL_BANK_TRANSFER,2025-02-18T16:00:00Z,2025-02-18,2025-02-19,USD,15.66,2592.57,7.162239,CNY,18568.59,SETTLED
PA-BNK-000218,PA-INS-000215,PA-00000218,PARTNER_A,LOCAL_BANK_TRANSFER,2025-02-18T16:05:00Z,2025-02-18,2025-02-19,USD,63.71,10550.31,7.162239,CNY,75563.82,SETTLED
PA-BNK-000219,PA-INS-000221,PA-00000219,PARTNER_A,LOCAL_BANK_TRANSFER,2025-02-18T16:29:00Z,2025-02-18,2025-02-19,USD,14.51,2405.65,7.162239,CNY,17229.84,SETTLED
PA-BNK-000220,PA-INS-000223,PA-00000220,PARTNER_A,LOCAL_BANK_TRANSFER,2025-02-18T18:05:00Z,2025-02-18,2025-02-19,USD,43.09,7125.62,7.171921,CNY,51104.33,SETTLED
PB-BNK-000221,PB-INS-000212,PB-00000221,PARTNER_B,LOCAL_BANK_TRANSFER,2025-02-18T15:23:00Z,2025-02-18,2025-02-20,USD,50.79,13017.91,7.166080,CNY,93287.33,SETTLED
PB-BNK-000222,PB-INS-000211,PB-00000222,PARTNER_B,LOCAL_BANK_TRANSFER,2025-02-18T16:07:00Z,2025-02-18,2025-02-20,USD,48.63,12410.34,7.163672,CNY,88903.54,SETTLED
PB-BNK-000223,PB-INS-000222,PB-00000223,PARTNER_B,LOCAL_BANK_TRANSFER,2025-02-18T18:46:00Z,2025-02-18,2025-02-20,USD,37.92,9357.19,7.173356,CNY,67122.42,SETTLED
PB-BNK-000224,PB-INS-000224,PB-00000224,PARTNER_B,LOCAL_BANK_TRANSFER,2025-02-18T19:28:00Z,2025-02-18,2025-02-20,USD,15.52,2984.30,7.175355,CNY,21413.35,SETTLED
PA-BNK-000225,PA-INS-000229,PA-00000225,PARTNER_A,SWIFT,2025-02-19T14:29:00Z,2025-02-19,2025-02-20,USD,82.36,13632.25,7.178212,CNY,97855.16,SETTLED
PA-BNK-000226,PA-INS-000233,PA-00000226,PARTNER_A,LOCAL_BANK_TRANSFER,2025-02-19T15:44:00Z,2025-02-19,2025-02-20,USD,145.59,24056.54,7.186407,CNY,172880.05,SETTLED
PA-BNK-000227,PA-INS-000232,PA-00000227,PARTNER_A,LOCAL_BANK_TRANSFER,2025-02-19T15:48:00Z,2025-02-19,2025-02-20,USD,15.15,2505.64,7.186407,CNY,18006.53,SETTLED
PA-BNK-000228,PA-INS-000235,PA-00000228,PARTNER_A,LOCAL_BANK_TRANSFER,2025-02-19T18:05:00Z,2025-02-19,2025-02-20,USD,11.70,1938.66,7.178798,CNY,13917.19,SETTLED
PA-BNK-000229,PA-INS-000236,PA-00000229,PARTNER_A,LOCAL_BANK_TRANSFER,2025-02-19T19:41:00Z,2025-02-19,2025-02-20,USD,26.10,4324.27,7.175494,CNY,31028.75,SETTLED
PA-BNK-000230,PA-INS-000237,PA-00000230,PARTNER_A,LOCAL_BANK_TRANSFER,2025-02-19T21:12:00Z,2025-02-19,2025-02-20,USD,6.92,1145.07,7.179919,CNY,8221.50,SETTLED
PB-BNK-000231,PB-INS-000230,PB-00000231,PARTNER_B,LOCAL_BANK_TRANSFER,2025-02-19T15:07:00Z,2025-02-19,2025-02-21,USD,11.12,1732.18,7.187845,CNY,12450.63,SETTLED
PB-BNK-000232,PB-INS-000228,PB-00000232,PARTNER_B,LOCAL_BANK_TRANSFER,2025-02-19T15:31:00Z,2025-02-19,2025-02-21,USD,40.74,10149.25,7.187845,CNY,72951.17,SETTLED
PB-BNK-000233,PB-INS-000225,PB-00000233,PARTNER_B,LOCAL_BANK_TRANSFER,2025-02-19T15:36:00Z,2025-02-19,2025-02-21,USD,9.34,1227.75,7.187845,CNY,8824.82,SETTLED
PB-BNK-000234,PB-INS-000231,PB-00000234,PARTNER_B,SWIFT,2025-02-19T15:55:00Z,2025-02-19,2025-02-21,USD,16.40,3233.23,7.187845,CNY,23239.91,SETTLED
PB-BNK-000235,PB-INS-000226,PB-00000235,PARTNER_B,LOCAL_BANK_TRANSFER,2025-02-19T18:07:00Z,2025-02-19,2025-02-21,USD,52.88,13607.54,7.180235,CNY,97705.32,SETTLED
PB-BNK-000236,PB-INS-000227,PB-00000236,PARTNER_B,LOCAL_BANK_TRANSFER,2025-02-19T18:42:00Z,2025-02-19,2025-02-21,USD,30.59,7273.51,7.180235,CNY,52225.51,SETTLED
PB-BNK-000237,PB-INS-000234,PB-00000237,PARTNER_B,SWIFT,2025-02-19T18:56:00Z,2025-02-19,2025-02-21,USD,7.76,778.98,7.180235,CNY,5593.23,SETTLED
PB-BNK-000238,PB-INS-000238,PB-00000238,PARTNER_B,LOCAL_BANK_TRANSFER,2025-02-19T20:03:00Z,2025-02-19,2025-02-21,USD,61.39,16040.51,7.177655,CNY,115133.24,SETTLED
PA-BNK-000239,PA-INS-000242,PA-00000239,PARTNER_A,LOCAL_BANK_TRANSFER,2025-02-20T15:02:00Z,2025-02-20,2025-02-21,USD,107.40,17811.91,7.175080,CNY,127801.82,SETTLED
PA-BNK-000240,PA-INS-000244,PA-00000240,PARTNER_A,LOCAL_BANK_TRANSFER,2025-02-20T15:03:00Z,2025-02-20,2025-02-21,USD,84.73,14021.89,7.175080,CNY,100608.15,SETTLED
PA-BNK-000241,PA-INS-000247,PA-00000241,PARTNER_A,LOCAL_BANK_TRANSFER,2025-02-20T20:51:00Z,2025-02-20,2025-02-21,USD,22.22,3675.34,7.188094,CNY,26418.65,SETTLED
PA-BNK-000242,PA-INS-000246,PA-00000242,PARTNER_A,LOCAL_BANK_TRANSFER,2025-02-20T21:17:00Z,2025-02-20,2025-02-21,USD,46.42,7673.43,7.193935,CNY,55202.13,SETTLED
PB-BNK-000243,PB-INS-000243,PB-00000243,PARTNER_B,LOCAL_BANK_TRANSFER,2025-02-20T14:46:00Z,2025-02-20,2025-02-24,USD,12.10,2013.11,7.176738,CNY,14447.55,SETTLED
PB-BNK-000244,PB-INS-000240,PB-00000244,PARTNER_B,SWIFT,2025-02-20T15:33:00Z,2025-02-20,2025-02-24,USD,19.68,4173.16,7.176515,CNY,29948.73,SETTLED
PB-BNK-000245,PB-INS-000241,PB-00000245,PARTNER_B,LOCAL_BANK_TRANSFER,2025-02-20T18:58:00Z,2025-02-20,2025-02-24,USD,15.59,3007.14,7.185473,CNY,21607.69,SETTLED
PB-BNK-000246,PB-INS-000239,PB-00000246,PARTNER_B,SWIFT,2025-02-20T19:28:00Z,2025-02-20,2025-02-24,USD,51.20,13121.23,7.185524,CNY,94282.87,SETTLED
PB-BNK-000247,PB-INS-000245,PB-00000247,PARTNER_B,LOCAL_BANK_TRANSFER,2025-02-20T20:06:00Z,2025-02-20,2025-02-24,USD,12.92,2245.19,7.189532,CNY,16141.86,SETTLED
PA-BNK-000248,PA-INS-000250,PA-00000248,PARTNER_A,SWIFT,2025-02-21T14:48:00Z,2025-02-21,2025-02-24,USD,15.65,2590.46,7.192299,CNY,18631.33,SETTLED
PA-BNK-000249,PA-INS-000249,PA-00000249,PARTNER_A,LOCAL_BANK_TRANSFER,2025-02-21T15:09:00Z,2025-02-21,2025-02-24,USD,86.75,14362.56,7.190338,CNY,103271.60,SETTLED
PA-BNK-000250,PA-INS-000248,PA-00000250,PARTNER_A,LOCAL_BANK_TRANSFER,2025-02-21T15:50:00Z,2025-02-21,2025-02-24,USD,48.67,8063.39,7.190338,CNY,57978.47,SETTLED
PA-BNK-000251,PA-INS-000253,PA-00000251,PARTNER_A,LOCAL_BANK_TRANSFER,2025-02-21T18:12:00Z,2025-02-21,2025-02-24,USD,69.21,11452.39,7.191414,CNY,82358.84,SETTLED
PA-BNK-000252,PA-INS-000252,PA-00000252,PARTNER_A,LOCAL_BANK_TRANSFER,2025-02-21T18:38:00Z,2025-02-21,2025-02-24,USD,67.58,11182.90,7.191414,CNY,80420.86,SETTLED
PB-BNK-000253,PB-INS-000251,PB-00000253,PARTNER_B,LOCAL_BANK_TRANSFER,2025-02-21T17:52:00Z,2025-02-21,2025-02-25,USD,19.83,4214.39,7.189202,CNY,30298.10,SETTLED
PB-BNK-000254,PB-INS-000255,PB-00000254,PARTNER_B,LOCAL_BANK_TRANSFER,2025-02-21T20:23:00Z,2025-02-21,2025-02-25,USD,14.29,2632.59,7.201460,CNY,18958.43,SETTLED
PB-BNK-000255,PB-INS-000254,PB-00000255,PARTNER_B,LOCAL_BANK_TRANSFER,2025-02-21T21:06:00Z,2025-02-21,2025-02-25,USD,22.09,4850.08,7.197952,CNY,34910.62,SETTLED
PA-BNK-000256,PA-INS-000258,PA-00000256,PARTNER_A,LOCAL_BANK_TRANSFER,2025-02-24T16:37:00Z,2025-02-24,2025-02-25,USD,26.43,4374.85,7.187207,CNY,31442.92,SETTLED
PA-BNK-000257,PA-INS-000256,PA-00000257,PARTNER_A,LOCAL_BANK_TRANSFER,2025-02-24T17:08:00Z,2025-02-24,2025-02-25,USD,60.45,10004.92,7.190045,CNY,71935.80,SETTLED
PA-BNK-000258,PA-INS-000260,PA-00000258,PARTNER_A,SWIFT,2025-02-24T18:26:00Z,2025-02-24,2025-02-25,USD,65.24,10801.01,7.189416,CNY,77652.91,SETTLED
PA-BNK-000259,PA-INS-000261,PA-00000259,PARTNER_A,LOCAL_BANK_TRANSFER,2025-02-24T21:21:00Z,2025-02-24,2025-02-25,USD,11.55,1912.14,7.182085,CNY,13733.15,SETTLED
PB-BNK-000260,PB-INS-000257,PB-00000260,PARTNER_B,LOCAL_BANK_TRANSFER,2025-02-24T18:42:00Z,2025-02-24,2025-02-26,USD,26.11,5994.68,7.190855,CNY,43106.85,SETTLED
PB-BNK-000261,PB-INS-000259,PB-00000261,PARTNER_B,LOCAL_BANK_TRANSFER,2025-02-24T20:38:00Z,2025-02-24,2025-02-26,USD,38.61,9562.91,7.182161,CNY,68682.29,SETTLED
PA-BNK-000262,PA-INS-000264,PA-00000262,PARTNER_A,LOCAL_BANK_TRANSFER,2025-02-25T15:37:00Z,2025-02-25,2025-02-26,USD,36.58,6044.51,7.195544,CNY,43493.53,SETTLED
PA-BNK-000263,PA-INS-000266,PA-00000263,PARTNER_A,LOCAL_BANK_TRANSFER,2025-02-25T17:02:00Z,2025-02-25,2025-02-26,USD,12.33,2039.11,7.200266,CNY,14682.10,SETTLED
PA-BNK-000264,PA-INS-000267,PA-00000264,PARTNER_A,SWIFT,2025-02-25T17:51:00Z,2025-02-25,2025-02-26,USD,29.84,4936.59,7.200266,CNY,35544.72,SETTLED
PA-BNK-000265,PA-INS-000269,PA-00000265,PARTNER_A,LOCAL_BANK_TRANSFER,2025-02-25T21:42:00Z,2025-02-25,2025-02-26,USD,42.08,6964.72,7.204126,CNY,50174.68,SETTLED
PB-BNK-000266,PB-INS-000262,PB-00000266,PARTNER_B,LOCAL_BANK_TRANSFER,2025-02-25T17:15:00Z,2025-02-25,2025-02-27,USD,13.74,2473.22,7.201706,CNY,17811.38,SETTLED
PB-BNK-000267,PB-INS-000265,PB-00000267,PARTNER_B,SWIFT,2025-02-25T17:21:00Z,2025-02-25,2025-02-27,USD,15.55,2992.28,7.201706,CNY,21549.49,SETTLED
PB-BNK-000268,PB-INS-000263,PB-00000268,PARTNER_B,LOCAL_BANK_TRANSFER,2025-02-25T18:20:00Z,2025-02-25,2025-02-27,USD,8.94,1111.36,7.205852,CNY,8008.29,SETTLED
PB-BNK-000269,PB-INS-000268,PB-00000269,PARTNER_B,SWIFT,2025-02-25T18:20:00Z,2025-02-25,2025-02-27,USD,14.08,2575.62,7.205852,CNY,18559.51,SETTLED
PA-BNK-000270,PA-INS-000273,PA-00000270,PARTNER_A,LOCAL_BANK_TRANSFER,2025-02-26T20:12:00Z,2025-02-26,2025-02-27,USD,31.12,5149.43,7.207714,CNY,37115.59,SETTLED
PA-BNK-000271,PA-INS-000274,PA-00000271,PARTNER_A,LOCAL_BANK_TRANSFER,2025-02-26T21:05:00Z,2025-02-26,2025-02-27,USD,22.71,3759.27,7.204711,CNY,27084.43,SETTLED
PB-BNK-000272,PB-INS-000270,PB-00000272,PARTNER_B,LOCAL_BANK_TRANSFER,2025-02-26T15:35:00Z,2025-02-26,2025-02-28,USD,18.87,3935.17,7.218475,CNY,28405.89,SETTLED
PB-BNK-000273,PB-INS-000272,PB-00000273,PARTNER_B,LOCAL_BANK_TRANSFER,2025-02-26T16:44:00Z,2025-02-26,2025-02-28,USD,49.89,12764.95,7.214764,CNY,92096.03,SETTLED
PB-BNK-000274,PB-INS-000271,PB-00000274,PARTNER_B,LOCAL_BANK_TRANSFER,2025-02-26T17:46:00Z,2025-02-26,2025-02-28,USD,26.07,5985.54,7.211065,CNY,43162.09,SETTLED
PA-BNK-000275,PA-INS-000278,PA-00000275,PARTNER_A,LOCAL_BANK_TRANSFER,2025-02-27T16:21:00Z,2025-02-27,2025-02-28,USD,27.66,4576.32,7.221856,CNY,33049.47,SETTLED
PA-BNK-000276,PA-INS-000280,PA-00000276,PARTNER_A,LOCAL_BANK_TRANSFER,2025-02-27T18:53:00Z,2025-02-27,2025-02-28,USD,18.10,2999.39,7.215168,CNY,21641.08,SETTLED
PA-BNK-000277,PA-INS-000281,PA-00000277,PARTNER_A,SWIFT,2025-02-27T19:45:00Z,2025-02-27,2025-02-28,USD,12.15,2012.87,7.214340,CNY,14521.49,SETTLED
PA-BNK-000278,PA-INS-000283,PA-00000278,PARTNER_A,LOCAL_BANK_TRANSFER,2025-02-27T19:50:00Z,2025-02-27,2025-02-28,USD,14.95,2474.34,7.214340,CNY,17850.67,SETTLED
PA-BNK-000279,PA-INS-000279,PA-00000279,PARTNER_A,LOCAL_BANK_TRANSFER,2025-02-27T19:55:00Z,2025-02-27,2025-02-28,USD,32.69,5417.75,7.214340,CNY,39085.44,SETTLED
PA-BNK-000280,PA-INS-000284,PA-00000280,PARTNER_A,LOCAL_BANK_TRANSFER,2025-02-27T21:42:00Z,2025-02-27,2025-02-28,USD,5.86,969.31,7.215348,CNY,6993.87,SETTLED
PB-BNK-000281,PB-INS-000275,PB-00000281,PARTNER_B,SWIFT,2025-02-27T15:02:00Z,2025-02-27,2025-03-03,USD,18.64,3867.82,7.219374,CNY,27923.22,SETTLED
PB-BNK-000282,PB-INS-000276,PB-00000282,PARTNER_B,SWIFT,2025-02-27T16:15:00Z,2025-02-27,2025-03-03,USD,14.21,2607.46,7.223301,CNY,18834.46,SETTLED
PB-BNK-000283,PB-INS-000277,PB-00000283,PARTNER_B,LOCAL_BANK_TRANSFER,2025-02-27T18:03:00Z,2025-02-27,2025-03-03,USD,19.08,3995.35,7.216611,CNY,28832.87,SETTLED
PB-BNK-000284,PB-INS-000282,PB-00000284,PARTNER_B,LOCAL_BANK_TRANSFER,2025-02-27T20:52:00Z,2025-02-27,2025-03-03,USD,24.24,5466.84,7.216877,CNY,39453.48,SETTLED
PA-BNK-000285,PA-INS-000285,PA-00000285,PARTNER_A,LOCAL_BANK_TRANSFER,2025-02-28T14:54:00Z,2025-02-28,2025-03-03,USD,211.53,35075.71,7.202948,CNY,252648.46,SETTLED
PA-BNK-000286,PA-INS-000287,PA-00000286,PARTNER_A,LOCAL_BANK_TRANSFER,2025-02-28T15:54:00Z,2025-02-28,2025-03-03,USD,10.70,1775.45,7.198134,CNY,12779.91,SETTLED
PA-BNK-000287,PA-INS-000288,PA-00000287,PARTNER_A,LOCAL_BANK_TRANSFER,2025-02-28T16:03:00Z,2025-02-28,2025-03-03,USD,30.45,5048.79,7.203970,CNY,36371.29,SETTLED
PA-BNK-000288,PA-INS-000291,PA-00000288,PARTNER_A,LOCAL_BANK_TRANSFER,2025-02-28T16:13:00Z,2025-02-28,2025-03-03,USD,5.18,856.41,7.203970,CNY,6169.55,SETTLED
PA-BNK-000289,PA-INS-000293,PA-00000289,PARTNER_A,LOCAL_BANK_TRANSFER,2025-02-28T17:17:00Z,2025-02-28,2025-03-03,USD,25.29,4183.01,7.208468,CNY,30153.06,SETTLED
PA-BNK-000290,PA-INS-000295,PA-00000290,PARTNER_A,LOCAL_BANK_TRANSFER,2025-02-28T21:32:00Z,2025-02-28,2025-03-03,USD,33.10,5479.06,7.215682,CNY,39535.14,SETTLED
PB-BNK-000291,PB-INS-000289,PB-00000291,PARTNER_B,LOCAL_BANK_TRANSFER,2025-02-28T16:00:00Z,2025-02-28,2025-03-04,USD,116.09,31630.08,7.205412,CNY,227907.74,SETTLED
PB-BNK-000292,PB-INS-000290,PB-00000292,PARTNER_B,LOCAL_BANK_TRANSFER,2025-02-28T17:47:00Z,2025-02-28,2025-03-04,USD,180.00,49796.97,7.209911,CNY,359031.72,SETTLED
PB-BNK-000293,PB-INS-000292,PB-00000293,PARTNER_B,LOCAL_BANK_TRANSFER,2025-02-28T17:47:00Z,2025-02-28,2025-03-04,USD,91.43,24562.10,7.209911,CNY,177090.53,SETTLED
PB-BNK-000294,PB-INS-000286,PB-00000294,PARTNER_B,SWIFT,2025-02-28T18:23:00Z,2025-02-28,2025-03-04,USD,32.64,7856.01,7.216722,CNY,56694.57,SETTLED
PB-BNK-000295,PB-INS-000294,PB-00000295,PARTNER_B,LOCAL_BANK_TRANSFER,2025-02-28T20:45:00Z,2025-02-28,2025-03-04,USD,28.26,6599.23,7.217095,CNY,47627.21,SETTLED
PA-BNK-000296,PA-INS-000299,PA-00000296,PARTNER_A,LOCAL_BANK_TRANSFER,2025-03-03T14:38:00Z,2025-03-03,2025-03-04,USD,41.03,6788.15,7.214995,CNY,48976.42,SETTLED
PA-BNK-000297,PA-INS-000298,PA-00000297,PARTNER_A,LOCAL_BANK_TRANSFER,2025-03-03T14:56:00Z,2025-03-03,2025-03-04,USD,19.58,3239.39,7.214995,CNY,23372.16,SETTLED
PA-BNK-000298,PA-INS-000296,PA-00000298,PARTNER_A,LOCAL_BANK_TRANSFER,2025-03-03T15:12:00Z,2025-03-03,2025-03-04,USD,18.30,3026.36,7.220600,CNY,21852.07,SETTLED
PB-BNK-000299,PB-INS-000301,PB-00000299,PARTNER_B,LOCAL_BANK_TRANSFER,2025-03-03T16:08:00Z,2025-03-03,2025-03-05,USD,9.80,1358.50,7.223528,CNY,9813.10,SETTLED
PB-BNK-000300,PB-INS-000300,PB-00000300,PARTNER_B,LOCAL_BANK_TRANSFER,2025-03-03T16:33:00Z,2025-03-03,2025-03-05,USD,20.48,4391.31,7.223528,CNY,31720.71,SETTLED
PB-BNK-000301,PB-INS-000297,PB-00000301,PARTNER_B,LOCAL_BANK_TRANSFER,2025-03-03T16:38:00Z,2025-03-03,2025-03-05,USD,20.29,4333.69,7.223528,CNY,31304.49,SETTLED
PB-BNK-000302,PB-INS-000303,PB-00000302,PARTNER_B,LOCAL_BANK_TRANSFER,2025-03-03T17:16:00Z,2025-03-03,2025-03-05,USD,37.42,9216.24,7.221488,CNY,66554.92,SETTLED
PB-BNK-000303,PB-INS-000302,PB-00000303,PARTNER_B,LOCAL_BANK_TRANSFER,2025-03-03T17:45:00Z,2025-03-03,2025-03-05,USD,10.00,1415.75,7.221488,CNY,10223.76,SETTLED
PB-BNK-000304,PB-INS-000305,PB-00000304,PARTNER_B,LOCAL_BANK_TRANSFER,2025-03-03T19:50:00Z,2025-03-03,2025-03-05,USD,40.47,10081.93,7.229601,CNY,72888.33,SETTLED
PB-BNK-000305,PB-INS-000304,PB-00000305,PARTNER_B,LOCAL_BANK_TRANSFER,2025-03-03T21:28:00Z,2025-03-03,2025-03-05,USD,19.57,4138.37,7.222904,CNY,29891.01,SETTLED
PA-BNK-000306,PA-INS-000308,PA-00000306,PARTNER_A,LOCAL_BANK_TRANSFER,2025-03-04T15:51:00Z,2025-03-04,2025-03-05,USD,75.74,12512.89,7.237160,CNY,90557.76,SETTLED
PA-BNK-000307,PA-INS-000311,PA-00000307,PARTNER_A,LOCAL_BANK_TRANSFER,2025-03-04T17:12:00Z,2025-03-04,2025-03-05,USD,20.28,3357.67,7.234556,CNY,24291.18,SETTLED
PA-BNK-000308,PA-INS-000314,PA-00000308,PARTNER_A,LOCAL_BANK_TRANSFER,2025-03-04T19:32:00Z,2025-03-04,2025-03-05,USD,7.48,1238.82,7.230444,CNY,8957.16,SETTLED
PA-BNK-000309,PA-INS-000313,PA-00000309,PARTNER_A,LOCAL_BANK_TRANSFER,2025-03-04T20:51:00Z,2025-03-04,2025-03-05,USD,18.57,3075.22,7.229769,CNY,22233.08,SETTLED
PA-BNK-000310,PA-INS-000316,PA-00000310,PARTNER_A,LOCAL_BANK_TRANSFER,2025-03-04T21:56:00Z,2025-03-04,2025-03-05,USD,20.25,3350.95,7.233936,CNY,24240.51,SETTLED
PB-BNK-000311,PB-INS-000307,PB-00000311,PARTNER_B,LOCAL_BANK_TRANSFER,2025-03-04T15:11:00Z,2025-03-04,2025-03-06,USD,34.47,8364.29,7.238608,CNY,60545.76,SETTLED
PB-BNK-000312,PB-INS-000310,PB-00000312,PARTNER_B,LOCAL_BANK_TRANSFER,2025-03-04T15:20:00Z,2025-03-04,2025-03-06,USD,57.17,14838.32,7.238608,CNY,107408.73,SETTLED
PB-BNK-000313,PB-INS-000309,PB-00000313,PARTNER_B,LOCAL_BANK_TRANSFER,2025-03-04T16:36:00Z,2025-03-04,2025-03-06,USD,10.69,1613.91,7.240647,CNY,11685.72,SETTLED
PB-BNK-000314,PB-INS-000312,PB-00000314,PARTNER_B,LOCAL_BANK_TRANSFER,2025-03-04T18:12:00Z,2025-03-04,2025-03-06,USD,10.33,1512.62,7.233450,CNY,10941.46,SETTLED
PB-BNK-000315,PB-INS-000306,PB-00000315,PARTNER_B,LOCAL_BANK_TRANSFER,2025-03-04T18:38:00Z,2025-03-04,2025-03-06,USD,22.85,5067.53,7.233450,CNY,36655.71,SETTLED
PA-BNK-000316,PA-INS-000319,PA-00000316,PARTNER_A,LOCAL_BANK_TRANSFER,2025-03-05T14:52:00Z,2025-03-05,2025-03-06,USD,7.97,1319.16,7.225125,CNY,9531.03,SETTLED
PA-BNK-000317,PA-INS-000318,PA-00000317,PARTNER_A,LOCAL_BANK_TRANSFER,2025-03-05T15:38:00Z,2025-03-05,2025-03-06,USD,9.14,1512.39,7.232526,CNY,10938.37,SETTLED
PA-BNK-000318,PA-INS-000321,PA-00000318,PARTNER_A,LOCAL_BANK_TRANSFER,2025-03-05T16:06:00Z,2025-03-05,2025-03-06,USD,28.84,4766.77,7.235873,CNY,34491.71,SETTLED
PA-BNK-000319,PA-INS-000320,PA-00000319,PARTNER_A,LOCAL_BANK_TRANSFER,2025-03-05T16:23:00Z,2025-03-05,2025-03-06,USD,12.07,1994.29,7.235873,CNY,14430.38,SETTLED
PA-BNK-000320,PA-INS-000324,PA-00000320,PARTNER_A,LOCAL_BANK_TRANSFER,2025-03-05T20:06:00Z,2025-03-05,2025-03-06,USD,11.79,1954.26,7.223782,CNY,14117.10,SETTLED
PA-BNK-000321,PA-INS-000322,PA-00000321,PARTNER_A,SWIFT,2025-03-05T20:27:00Z,2025-03-05,2025-03-06,USD,22.44,3721.47,7.223782,CNY,26883.05,SETTLED
PB-BNK-000322,PB-INS-000315,PB-00000322,PARTNER_B,LOCAL_BANK_TRANSFER,2025-03-05T15:54:00Z,2025-03-05,2025-03-07,USD,12.76,2202.22,7.233973,CNY,15930.73,SETTLED
PB-BNK-000323,PB-INS-000317,PB-00000323,PARTNER_B,LOCAL_BANK_TRANSFER,2025-03-05T18:41:00Z,2025-03-05,2025-03-07,USD,61.47,16049.52,7.233842,CNY,116099.66,SETTLED
PB-BNK-000324,PB-INS-000323,PB-00000324,PARTNER_B,LOCAL_BANK_TRANSFER,2025-03-05T20:05:00Z,2025-03-05,2025-03-07,USD,43.87,11069.67,7.225228,CNY,79980.82,SETTLED
PA-BNK-000325,PA-INS-000325,PA-00000325,PARTNER_A,LOCAL_BANK_TRANSFER,2025-03-06T14:18:00Z,2025-03-06,2025-03-07,USD,22.13,3654.54,7.241341,CNY,26463.72,SETTLED
PA-BNK-000326,PA-INS-000329,PA-00000326,PARTNER_A,LOCAL_BANK_TRANSFER,2025-03-06T15:37:00Z,2025-03-06,2025-03-07,USD,15.92,2632.47,7.249133,CNY,19083.10,SETTLED
PA-BNK-000327,PA-INS-000330,PA-00000327,PARTNER_A,LOCAL_BANK_TRANSFER,2025-03-06T16:00:00Z,2025-03-06,2025-03-07,USD,95.51,15776.93,7.256710,CNY,114488.55,SETTLED
PA-BNK-000328,PA-INS-000332,PA-00000328,PARTNER_A,LOCAL_BANK_TRANSFER,2025-03-06T17:15:00Z,2025-03-06,2025-03-07,USD,62.98,10429.61,7.253830,CNY,75654.61,SETTLED
PA-BNK-000329,PA-INS-000326,PA-00000329,PARTNER_A,LOCAL_BANK_TRANSFER,2025-03-06T17:23:00Z,2025-03-06,2025-03-07,USD,72.76,12004.06,7.253830,CNY,87075.35,SETTLED
PA-BNK-000330,PA-INS-000334,PA-00000330,PARTNER_A,SWIFT,2025-03-06T20:53:00Z,2025-03-06,2025-03-07,USD,99.42,16463.35,7.246855,CNY,119307.44,SETTLED
PB-BNK-000331,PB-INS-000328,PB-00000331,PARTNER_B,LOCAL_BANK_TRANSFER,2025-03-06T16:15:00Z,2025-03-06,2025-03-10,USD,46.76,11837.64,7.258162,CNY,85919.48,SETTLED
PB-BNK-000332,PB-INS-000327,PB-00000332,PARTNER_B,LOCAL_BANK_TRANSFER,2025-03-06T17:38:00Z,2025-03-06,2025-03-10,USD,10.37,1517.41,7.255282,CNY,11009.20,SETTLED
PB-BNK-000333,PB-INS-000331,PB-00000333,PARTNER_B,LOCAL_BANK_TRANSFER,2025-03-06T20:33:00Z,2025-03-06,2025-03-10,USD,9.05,1147.49,7.248305,CNY,8317.30,SETTLED
PB-BNK-000334,PB-INS-000333,PB-00000334,PARTNER_B,LOCAL_BANK_TRANSFER,2025-03-06T21:36:00Z,2025-03-06,2025-03-10,USD,17.17,3457.02,7.252877,CNY,25073.31,SETTLED
PA-BNK-000335,PA-INS-000338,PA-00000335,PARTNER_A,LOCAL_BANK_TRANSFER,2025-03-07T14:44:00Z,2025-03-07,2025-03-10,USD,6.08,1006.43,7.234047,CNY,7280.56,SETTLED
PA-BNK-000336,PA-INS-000337,PA-00000336,PARTNER_A,SWIFT,2025-03-07T14:47:00Z,2025-03-07,2025-03-10,USD,76.99,12762.04,7.234047,CNY,92321.14,SETTLED
PA-BNK-000337,PA-INS-000339,PA-00000337,PARTNER_A,LOCAL_BANK_TRANSFER,2025-03-07T17:21:00Z,2025-03-07,2025-03-10,USD,116.50,19290.79,7.232812,CNY,139526.63,SETTLED
PA-BNK-000338,PA-INS-000336,PA-00000338,PARTNER_A,LOCAL_BANK_TRANSFER,2025-03-07T17:29:00Z,2025-03-07,2025-03-10,USD,16.72,2774.55,7.232812,CNY,20067.77,SETTLED
PB-BNK-000339,PB-INS-000335,PB-00000339,PARTNER_B,LOCAL_BANK_TRANSFER,2025-03-07T19:17:00Z,2025-03-07,2025-03-11,USD,16.85,3377.14,7.224075,CNY,24396.71,SETTLED
PA-BNK-000340,PA-INS-000341,PA-00000340,PARTNER_A,LOCAL_BANK_TRANSFER,2025-03-10T14:45:00Z,2025-03-10,2025-03-11,USD,15.75,2609.57,7.231282,CNY,18870.51,SETTLED
PA-BNK-000341,PA-INS-000340,PA-00000341,PARTNER_A,LOCAL_BANK_TRANSFER,2025-03-10T15:43:00Z,2025-03-10,2025-03-11,USD,64.92,10749.67,7.228582,CNY,77704.83,SETTLED
PA-BNK-000342,PA-INS-000343,PA-00000342,PARTNER_A,LOCAL_BANK_TRANSFER,2025-03-10T16:13:00Z,2025-03-10,2025-03-11,USD,87.51,14496.08,7.224381,CNY,104725.16,SETTLED
PB-BNK-000343,PB-INS-000345,PB-00000343,PARTNER_B,LOCAL_BANK_TRANSFER,2025-03-10T17:26:00Z,2025-03-10,2025-03-12,USD,29.83,7054.53,7.227517,CNY,50986.70,SETTLED
PB-BNK-000344,PB-INS-000342,PB-00000344,PARTNER_B,LOCAL_BANK_TRANSFER,2025-03-10T17:27:00Z,2025-03-10,2025-03-12,USD,11.76,1920.92,7.227517,CNY,13883.43,SETTLED
PA-BNK-000345,PA-INS-000349,PA-00000345,PARTNER_A,SWIFT,2025-03-11T19:04:00Z,2025-03-11,2025-03-12,USD,33.88,5604.35,7.270577,CNY,40746.82,SETTLED
PB-BNK-000346,PB-INS-000344,PB-00000346,PARTNER_B,LOCAL_BANK_TRANSFER,2025-03-11T13:37:00Z,2025-03-11,2025-03-13,USD,18.50,3819.79,7.257686,CNY,27722.83,SETTLED
PB-BNK-000347,PB-INS-000346,PB-00000347,PARTNER_B,LOCAL_BANK_TRANSFER,2025-03-11T13:58:00Z,2025-03-11,2025-03-13,USD,15.05,2846.89,7.257686,CNY,20661.82,SETTLED
PB-BNK-000348,PB-INS-000347,PB-00000348,PARTNER_B,LOCAL_BANK_TRANSFER,2025-03-11T14:24:00Z,2025-03-11,2025-03-13,USD,23.18,5156.33,7.259310,CNY,37431.36,SETTLED
PB-BNK-000349,PB-INS-000348,PB-00000349,PARTNER_B,LOCAL_BANK_TRANSFER,2025-03-11T17:17:00Z,2025-03-11,2025-03-13,USD,10.98,1693.10,7.266633,CNY,12303.11,SETTLED
PA-BNK-000350,PA-INS-000350,PA-00000350,PARTNER_A,LOCAL_BANK_TRANSFER,2025-03-12T15:27:00Z,2025-03-12,2025-03-13,USD,23.97,3982.63,7.240061,CNY,28834.42,SETTLED
PA-BNK-000351,PA-INS-000355,PA-00000351,PARTNER_A,SWIFT,2025-03-12T18:49:00Z,2025-03-12,2025-03-13,USD,23.66,3907.91,7.256959,CNY,28359.48,SETTLED
PA-BNK-000352,PA-INS-000357,PA-00000352,PARTNER_A,LOCAL_BANK_TRANSFER,2025-03-12T20:00:00Z,2025-03-12,2025-03-13,USD,12.68,2099.26,7.267738,CNY,15256.86,SETTLED
PB-BNK-000353,PB-INS-000352,PB-00000353,PARTNER_B,LOCAL_BANK_TRANSFER,2025-03-12T15:24:00Z,2025-03-12,2025-03-14,USD,33.81,8222.51,7.241509,CNY,59543.38,SETTLED
PB-BNK-000354,PB-INS-000351,PB-00000354,PARTNER_B,LOCAL_BANK_TRANSFER,2025-03-12T15:59:00Z,2025-03-12,2025-03-14,USD,16.35,3235.48,7.241509,CNY,23429.70,SETTLED
PB-BNK-000355,PB-INS-000353,PB-00000355,PARTNER_B,LOCAL_BANK_TRANSFER,2025-03-12T16:56:00Z,2025-03-12,2025-03-14,USD,19.52,4126.63,7.244654,CNY,29895.94,SETTLED
PB-BNK-000356,PB-INS-000354,PB-00000356,PARTNER_B,LOCAL_BANK_TRANSFER,2025-03-12T17:16:00Z,2025-03-12,2025-03-14,USD,24.11,5422.77,7.252725,CNY,39329.83,SETTLED
PA-BNK-000357,PA-INS-000360,PA-00000357,PARTNER_A,LOCAL_BANK_TRANSFER,2025-03-13T14:07:00Z,2025-03-13,2025-03-14,USD,18.23,3018.94,7.279057,CNY,21975.02,SETTLED
PA-BNK-000358,PA-INS-000361,PA-00000358,PARTNER_A,LOCAL_BANK_TRANSFER,2025-03-13T14:59:00Z,2025-03-13,2025-03-14,USD,10.61,1757.25,7.279057,CNY,12791.09,SETTLED
PA-BNK-000359,PA-INS-000359,PA-00000359,PARTNER_A,LOCAL_BANK_TRANSFER,2025-03-13T15:36:00Z,2025-03-13,2025-03-14,USD,33.98,5623.35,7.278271,CNY,40928.22,SETTLED
PA-BNK-000360,PA-INS-000363,PA-00000360,PARTNER_A,LOCAL_BANK_TRANSFER,2025-03-13T17:12:00Z,2025-03-13,2025-03-14,USD,7.22,1193.78,7.283578,CNY,8694.94,SETTLED
PA-BNK-000361,PA-INS-000364,PA-00000361,PARTNER_A,LOCAL_BANK_TRANSFER,2025-03-13T18:54:00Z,2025-03-13,2025-03-14,USD,27.56,4561.82,7.279958,CNY,33209.80,SETTLED
PA-BNK-000362,PA-INS-000366,PA-00000362,PARTNER_A,LOCAL_BANK_TRANSFER,2025-03-13T19:33:00Z,2025-03-13,2025-03-14,USD,39.29,6503.29,7.280281,CNY,47345.72,SETTLED
PB-BNK-000363,PB-INS-000356,PB-00000363,PARTNER_B,LOCAL_BANK_TRANSFER,2025-03-13T14:06:00Z,2025-03-13,2025-03-17,USD,74.69,19791.24,7.280514,CNY,144090.39,SETTLED
PB-BNK-000364,PB-INS-000358,PB-00000364,PARTNER_B,SWIFT,2025-03-13T15:14:00Z,2025-03-13,2025-03-17,USD,37.54,9247.32,7.279727,CNY,67317.94,SETTLED
PB-BNK-000365,PB-INS-000362,PB-00000365,PARTNER_B,LOCAL_BANK_TRANSFER,2025-03-13T17:15:00Z,2025-03-13,2025-03-17,USD,10.73,1623.26,7.285036,CNY,11825.49,SETTLED
PB-BNK-000366,PB-INS-000365,PB-00000366,PARTNER_B,LOCAL_BANK_TRANSFER,2025-03-13T20:03:00Z,2025-03-13,2025-03-17,USD,14.65,2740.64,7.280615,CNY,19953.48,SETTLED
PA-BNK-000367,PA-INS-000369,PA-00000367,PARTNER_A,LOCAL_BANK_TRANSFER,2025-03-14T14:26:00Z,2025-03-14,2025-03-17,USD,273.16,45180.45,7.265021,CNY,328236.85,SETTLED
PA-BNK-000368,PA-INS-000367,PA-00000368,PARTNER_A,LOCAL_BANK_TRANSFER,2025-03-14T14:32:00Z,2025-03-14,2025-03-17,USD,116.18,19272.78,7.265021,CNY,140017.09,SETTLED
PA-BNK-000369,PA-INS-000371,PA-00000369,PARTNER_A,LOCAL_BANK_TRANSFER,2025-03-14T14:37:00Z,2025-03-14,2025-03-17,USD,19.87,3288.99,7.265021,CNY,23894.54,SETTLED
PA-BNK-000370,PA-INS-000370,PA-00000370,PARTNER_A,LOCAL_BANK_TRANSFER,2025-03-14T14:57:00Z,2025-03-14,2025-03-17,USD,4.44,735.18,7.265021,CNY,5341.03,SETTLED
PA-BNK-000371,PA-INS-000372,PA-00000371,PARTNER_A,LOCAL_BANK_TRANSFER,2025-03-14T15:27:00Z,2025-03-14,2025-03-17,USD,95.94,15878.76,7.266154,CNY,115377.46,SETTLED
PA-BNK-000372,PA-INS-000373,PA-00000372,PARTNER_A,LOCAL_BANK_TRANSFER,2025-03-14T16:03:00Z,2025-03-14,2025-03-17,USD,44.91,7429.73,7.270287,CNY,54016.20,SETTLED
PA-BNK-000373,PA-INS-000374,PA-00000373,PARTNER_A,LOCAL_BANK_TRANSFER,2025-03-14T19:16:00Z,2025-03-14,2025-03-17,USD,4.33,716.92,7.266646,CNY,5209.57,SETTLED
PA-BNK-000374,PA-INS-000376,PA-00000374,PARTNER_A,LOCAL_BANK_TRANSFER,2025-03-14T20:29:00Z,2025-03-14,2025-03-17,USD,14.23,2354.94,7.270729,CNY,17122.13,SETTLED
PB-BNK-000375,PB-INS-000368,PB-00000375,PARTNER_B,LOCAL_BANK_TRANSFER,2025-03-14T17:42:00Z,2025-03-14,2025-03-18,USD,20.06,4280.65,7.269305,CNY,31117.35,SETTLED
PB-BNK-000376,PB-INS-000375,PB-00000376,PARTNER_B,SWIFT,2025-03-14T19:19:00Z,2025-03-14,2025-03-18,USD,12.12,2019.17,7.268100,CNY,14675.48,SETTLED
PA-BNK-000377,PA-INS-000381,PA-00000377,PARTNER_A,LOCAL_BANK_TRANSFER,2025-03-17T13:27:00Z,2025-03-17,2025-03-18,USD,15.82,2617.53,7.279953,CNY,19055.49,SETTLED
PA-BNK-000378,PA-INS-000379,PA-00000378,PARTNER_A,LOCAL_BANK_TRANSFER,2025-03-17T14:15:00Z,2025-03-17,2025-03-18,USD,26.01,4308.06,7.274704,CNY,31339.83,SETTLED
PA-BNK-000379,PA-INS-000383,PA-00000379,PARTNER_A,LOCAL_BANK_TRANSFER,2025-03-17T15:41:00Z,2025-03-17,2025-03-18,USD,30.70,5081.34,7.276984,CNY,36976.76,SETTLED
PA-BNK-000380,PA-INS-000380,PA-00000380,PARTNER_A,LOCAL_BANK_TRANSFER,2025-03-17T16:09:00Z,2025-03-17,2025-03-18,USD,49.63,8221.87,7.273816,CNY,59804.34,SETTLED
PA-BNK-000381,PA-INS-000382,PA-00000381,PARTNER_A,LOCAL_BANK_TRANSFER,2025-03-17T16:30:00Z,2025-03-17,2025-03-18,USD,7.63,1262.86,7.273816,CNY,9185.76,SETTLED
PA-BNK-000382,PA-INS-000387,PA-00000382,PARTNER_A,LOCAL_BANK_TRANSFER,2025-03-17T17:35:00Z,2025-03-17,2025-03-18,USD,114.76,18993.42,7.275137,CNY,138179.70,SETTLED
PA-BNK-000383,PA-INS-000386,PA-00000383,PARTNER_A,LOCAL_BANK_TRANSFER,2025-03-17T18:50:00Z,2025-03-17,2025-03-18,USD,6.93,1147.09,7.271758,CNY,8341.33,SETTLED
PB-BNK-000384,PB-INS-000378,PB-00000384,PARTNER_B,LOCAL_BANK_TRANSFER,2025-03-17T14:05:00Z,2025-03-17,2025-03-19,USD,13.08,2291.00,7.276159,CNY,16669.63,SETTLED
PB-BNK-000385,PB-INS-000377,PB-00000385,PARTNER_B,LOCAL_BANK_TRANSFER,2025-03-17T16:28:00Z,2025-03-17,2025-03-19,USD,12.30,2070.03,7.275272,CNY,15060.01,SETTLED
PB-BNK-000386,PB-INS-000384,PB-00000386,PARTNER_B,SWIFT,2025-03-17T20:16:00Z,2025-03-17,2025-03-19,USD,53.05,13687.16,7.265363,CNY,99442.13,SETTLED
PB-BNK-000387,PB-INS-000385,PB-00000387,PARTNER_B,SWIFT,2025-03-17T20:41:00Z,2025-03-17,2025-03-19,USD,71.69,18997.20,7.265363,CNY,138021.52,SETTLED
PA-BNK-000388,PA-INS-000393,PA-00000388,PARTNER_A,LOCAL_BANK_TRANSFER,2025-03-18T13:35:00Z,2025-03-18,2025-03-19,USD,27.72,4580.34,7.267205,CNY,33286.25,SETTLED
PA-BNK-000389,PA-INS-000392,PA-00000389,PARTNER_A,SWIFT,2025-03-18T15:40:00Z,2025-03-18,2025-03-19,USD,11.26,1861.55,7.264784,CNY,13523.71,SETTLED
PA-BNK-000390,PA-INS-000394,PA-00000390,PARTNER_A,SWIFT,2025-03-18T15:43:00Z,2025-03-18,2025-03-19,USD,14.69,2431.08,7.264784,CNY,17661.22,SETTLED
PA-BNK-000391,PA-INS-000390,PA-00000391,PARTNER_A,LOCAL_BANK_TRANSFER,2025-03-18T15:49:00Z,2025-03-18,2025-03-19,USD,16.94,2798.38,7.264784,CNY,20329.59,SETTLED
PB-BNK-000392,PB-INS-000389,PB-00000392,PARTNER_B,LOCAL_BANK_TRANSFER,2025-03-18T14:11:00Z,2025-03-18,2025-03-20,USD,20.38,4370.18,7.266238,CNY,31754.75,SETTLED
PB-BNK-000393,PB-INS-000388,PB-00000393,PARTNER_B,LOCAL_BANK_TRANSFER,2025-03-18T14:13:00Z,2025-03-18,2025-03-20,USD,13.91,2529.42,7.266238,CNY,18379.31,SETTLED
PB-BNK-000394,PB-INS-000391,PB-00000394,PARTNER_B,LOCAL_BANK_TRANSFER,2025-03-18T18:27:00Z,2025-03-18,2025-03-20,USD,13.38,2369.35,7.274958,CNY,17236.88,SETTLED
PA-BNK-000395,PA-INS-000398,PA-00000395,PARTNER_A,LOCAL_BANK_TRANSFER,2025-03-19T14:08:00Z,2025-03-19,2025-03-20,USD,39.23,6490.89,7.262628,CNY,47140.89,SETTLED
PA-BNK-000396,PA-INS-000399,PA-00000396,PARTNER_A,LOCAL_BANK_TRANSFER,2025-03-19T14:08:00Z,2025-03-19,2025-03-20,USD,72.93,12067.55,7.262628,CNY,87642.10,SETTLED
PA-BNK-000397,PA-INS-000396,PA-00000397,PARTNER_A,LOCAL_BANK_TRANSFER,2025-03-19T14:27:00Z,2025-03-19,2025-03-20,USD,31.91,5299.15,7.262628,CNY,38485.75,SETTLED
PA-BNK-000398,PA-INS-000395,PA-00000398,PARTNER_A,LOCAL_BANK_TRANSFER,2025-03-19T14:45:00Z,2025-03-19,2025-03-20,USD,16.56,2749.79,7.262628,CNY,19970.63,SETTLED
PA-BNK-000399,PA-INS-000397,PA-00000399,PARTNER_A,LOCAL_BANK_TRANSFER,2025-03-19T15:44:00Z,2025-03-19,2025-03-20,USD,8.90,1475.49,7.269394,CNY,10725.85,SETTLED
PA-BNK-000400,PA-INS-000401,PA-00000400,PARTNER_A,SWIFT,2025-03-19T15:58:00Z,2025-03-19,2025-03-20,USD,40.50,6698.55,7.269394,CNY,48694.39,SETTLED
PA-BNK-000401,PA-INS-000402,PA-00000401,PARTNER_A,LOCAL_BANK_TRANSFER,2025-03-19T17:52:00Z,2025-03-19,2025-03-20,USD,62.03,10273.85,7.265500,CNY,74644.65,SETTLED
PA-BNK-000402,PA-INS-000403,PA-00000402,PARTNER_A,SWIFT,2025-03-19T20:15:00Z,2025-03-19,2025-03-20,USD,13.39,2218.37,7.257521,CNY,16099.82,SETTLED
PA-BNK-000403,PA-INS-000405,PA-00000403,PARTNER_A,LOCAL_BANK_TRANSFER,2025-03-19T20:53:00Z,2025-03-19,2025-03-20,USD,21.67,3589.97,7.257521,CNY,26054.27,SETTLED
PA-BNK-000404,PA-INS-000406,PA-00000404,PARTNER_A,LOCAL_BANK_TRANSFER,2025-03-19T20:55:00Z,2025-03-19,2025-03-20,USD,30.48,5048.60,7.257521,CNY,36640.26,SETTLED
PB-BNK-000405,PB-INS-000400,PB-00000405,PARTNER_B,LOCAL_BANK_TRANSFER,2025-03-19T17:19:00Z,2025-03-19,2025-03-21,USD,19.47,4106.38,7.266953,CNY,29840.83,SETTLED
PA-BNK-000406,PA-INS-000411,PA-00000406,PARTNER_A,LOCAL_BANK_TRANSFER,2025-03-20T14:39:00Z,2025-03-20,2025-03-21,USD,6.31,1045.19,7.223020,CNY,7549.40,SETTLED
PA-BNK-000407,PA-INS-000407,PA-00000407,PARTNER_A,LOCAL_BANK_TRANSFER,2025-03-20T14:43:00Z,2025-03-20,2025-03-21,USD,20.83,3465.36,7.223020,CNY,25030.30,SETTLED
PB-BNK-000408,PB-INS-000410,PB-00000408,PARTNER_B,LOCAL_BANK_TRANSFER,2025-03-20T14:21:00Z,2025-03-20,2025-03-24,USD,10.75,1633.15,7.224465,CNY,11798.62,SETTLED
PB-BNK-000409,PB-INS-000412,PB-00000409,PARTNER_B,LOCAL_BANK_TRANSFER,2025-03-20T15:47:00Z,2025-03-20,2025-03-24,USD,87.31,23378.10,7.233376,CNY,169102.58,SETTLED
PB-BNK-000410,PB-INS-000404,PB-00000410,PARTNER_B,LOCAL_BANK_TRANSFER,2025-03-20T16:03:00Z,2025-03-20,2025-03-24,USD,14.46,2698.24,7.232336,CNY,19514.52,SETTLED
PB-BNK-000411,PB-INS-000409,PB-00000411,PARTNER_B,LOCAL_BANK_TRANSFER,2025-03-20T16:18:00Z,2025-03-20,2025-03-24,USD,17.24,3486.05,7.232336,CNY,25212.24,SETTLED
PB-BNK-000412,PB-INS-000408,PB-00000412,PARTNER_B,LOCAL_BANK_TRANSFER,2025-03-20T17:24:00Z,2025-03-20,2025-03-24,USD,24.11,5448.88,7.233629,CNY,39415.16,SETTLED
PB-BNK-000413,PB-INS-000413,PB-00000413,PARTNER_B,LOCAL_BANK_TRANSFER,2025-03-20T19:30:00Z,2025-03-20,2025-03-24,USD,8.72,1052.59,7.231182,CNY,7611.42,SETTLED
PA-BNK-000414,PA-INS-000416,PA-00000414,PARTNER_A,LOCAL_BANK_TRANSFER,2025-03-21T13:30:00Z,2025-03-21,2025-03-24,USD,132.22,21880.43,7.238019,CNY,158370.92,SETTLED
PA-BNK-000415,PA-INS-000419,PA-00000415,PARTNER_A,LOCAL_BANK_TRANSFER,2025-03-21T14:20:00Z,2025-03-21,2025-03-24,USD,22.83,3779.81,7.236803,CNY,27353.71,SETTLED
PA-BNK-000416,PA-INS-000420,PA-00000416,PARTNER_A,LOCAL_BANK_TRANSFER,2025-03-21T14:28:00Z,2025-03-21,2025-03-24,USD,84.12,13930.11,7.236803,CNY,100809.43,SETTLED
PA-BNK-000417,PA-INS-000414,PA-00000417,PARTNER_A,SWIFT,2025-03-21T15:09:00Z,2025-03-21,2025-03-24,USD,19.95,3295.98,7.237654,CNY,23855.13,SETTLED
PA-BNK-000418,PA-INS-000421,PA-00000418,PARTNER_A,LOCAL_BANK_TRANSFER,2025-03-21T15:15:00Z,2025-03-21,2025-03-24,USD,31.60,5231.80,7.237654,CNY,37865.93,SETTLED
PA-BNK-000419,PA-INS-000418,PA-00000419,PARTNER_A,LOCAL_BANK_TRANSFER,2025-03-21T15:20:00Z,2025-03-21,2025-03-24,USD,147.81,24461.73,7.237654,CNY,177045.50,SETTLED
PA-BNK-000420,PA-INS-000417,PA-00000420,PARTNER_A,SWIFT,2025-03-21T15:33:00Z,2025-03-21,2025-03-24,USD,72.76,12040.74,7.237654,CNY,87146.65,SETTLED
PA-BNK-000421,PA-INS-000415,PA-00000421,PARTNER_A,SWIFT,2025-03-21T16:00:00Z,2025-03-21,2025-03-24,USD,32.16,5311.30,7.244359,CNY,38476.96,SETTLED
PA-BNK-000422,PA-INS-000422,PA-00000422,PARTNER_A,LOCAL_BANK_TRANSFER,2025-03-21T16:49:00Z,2025-03-21,2025-03-24,USD,29.56,4888.10,7.244359,CNY,35411.10,SETTLED
PA-BNK-000423,PA-INS-000425,PA-00000423,PARTNER_A,LOCAL_BANK_TRANSFER,2025-03-21T18:31:00Z,2025-03-21,2025-03-24,USD,48.13,7970.16,7.245988,CNY,57751.62,SETTLED
PA-BNK-000424,PA-INS-000426,PA-00000424,PARTNER_A,LOCAL_BANK_TRANSFER,2025-03-21T18:45:00Z,2025-03-21,2025-03-24,USD,23.44,3881.33,7.245988,CNY,28124.06,SETTLED
PA-BNK-000425,PA-INS-000424,PA-00000425,PARTNER_A,LOCAL_BANK_TRANSFER,2025-03-21T19:09:00Z,2025-03-21,2025-03-24,USD,3.45,571.78,7.247315,CNY,4143.80,SETTLED
PB-BNK-000426,PB-INS-000423,PB-00000426,PARTNER_B,LOCAL_BANK_TRANSFER,2025-03-21T18:07:00Z,2025-03-21,2025-03-25,USD,52.41,13476.86,7.247438,CNY,97672.65,SETTLED
PA-BNK-000427,PA-INS-000431,PA-00000427,PARTNER_A,LOCAL_BANK_TRANSFER,2025-03-24T14:29:00Z,2025-03-24,2025-03-25,USD,77.35,12806.28,7.255486,CNY,92915.76,SETTLED
PA-BNK-000428,PA-INS-000432,PA-00000428,PARTNER_A,SWIFT,2025-03-24T15:10:00Z,2025-03-24,2025-03-25,USD,33.31,5512.27,7.258732,CNY,40012.07,SETTLED
PA-BNK-000429,PA-INS-000430,PA-00000429,PARTNER_A,LOCAL_BANK_TRANSFER,2025-03-24T15:45:00Z,2025-03-24,2025-03-25,USD,61.48,10161.61,7.258732,CNY,73760.39,SETTLED
PA-BNK-000430,PA-INS-000427,PA-00000430,PARTNER_A,LOCAL_BANK_TRANSFER,2025-03-24T16:12:00Z,2025-03-24,2025-03-25,USD,45.48,7517.34,7.257244,CNY,54555.15,SETTLED
PA-BNK-000431,PA-INS-000428,PA-00000431,PARTNER_A,LOCAL_BANK_TRANSFER,2025-03-24T16:12:00Z,2025-03-24,2025-03-25,USD,33.11,5473.95,7.257244,CNY,39725.76,SETTLED
PA-BNK-000432,PA-INS-000434,PA-00000432,PARTNER_A,LOCAL_BANK_TRANSFER,2025-03-24T20:23:00Z,2025-03-24,2025-03-25,USD,30.68,5079.76,7.249028,CNY,36823.32,SETTLED
PB-BNK-000433,PB-INS-000433,PB-00000433,PARTNER_B,LOCAL_BANK_TRANSFER,2025-03-24T16:35:00Z,2025-03-24,2025-03-26,USD,26.66,6158.29,7.258696,CNY,44701.14,SETTLED
PB-BNK-000434,PB-INS-000429,PB-00000434,PARTNER_B,LOCAL_BANK_TRANSFER,2025-03-24T16:40:00Z,2025-03-24,2025-03-26,USD,11.31,1786.72,7.258696,CNY,12969.25,SETTLED
PA-BNK-000435,PA-INS-000437,PA-00000435,PARTNER_A,LOCAL_BANK_TRANSFER,2025-03-25T14:02:00Z,2025-03-25,2025-03-26,USD,109.44,18164.73,7.242309,CNY,131554.58,SETTLED
PA-BNK-000436,PA-INS-000435,PA-00000436,PARTNER_A,LOCAL_BANK_TRANSFER,2025-03-25T14:11:00Z,2025-03-25,2025-03-26,USD,5.19,861.71,7.242309,CNY,6240.77,SETTLED
PA-BNK-000437,PA-INS-000436,PA-00000437,PARTNER_A,LOCAL_BANK_TRANSFER,2025-03-25T14:24:00Z,2025-03-25,2025-03-26,USD,41.14,6828.53,7.242309,CNY,49454.28,SETTLED
PA-BNK-000438,PA-INS-000438,PA-00000438,PARTNER_A,LOCAL_BANK_TRANSFER,2025-03-25T16:44:00Z,2025-03-25,2025-03-26,USD,15.91,2632.64,7.244832,CNY,19072.99,SETTLED
PA-BNK-000439,PA-INS-000440,PA-00000439,PARTNER_A,LOCAL_BANK_TRANSFER,2025-03-25T19:55:00Z,2025-03-25,2025-03-26,USD,17.49,2895.39,7.241166,CNY,20965.98,SETTLED
PB-BNK-000440,PB-INS-000439,PB-00000440,PARTNER_B,LOCAL_BANK_TRANSFER,2025-03-25T16:54:00Z,2025-03-25,2025-03-27,USD,86.25,23098.18,7.246281,CNY,167375.84,SETTLED
PA-BNK-000441,PA-INS-000444,PA-00000441,PARTNER_A,LOCAL_BANK_TRANSFER,2025-03-26T13:36:00Z,2025-03-26,2025-03-27,USD,18.44,3062.40,7.217828,CNY,22103.86,SETTLED
PA-BNK-000442,PA-INS-000442,PA-00000442,PARTNER_A,LOCAL_BANK_TRANSFER,2025-03-26T14:09:00Z,2025-03-26,2025-03-27,USD,51.41,8531.82,7.217094,CNY,61574.89,SETTLED
PA-BNK-000443,PA-INS-000441,PA-00000443,PARTNER_A,LOCAL_BANK_TRANSFER,2025-03-26T14:23:00Z,2025-03-26,2025-03-27,USD,14.23,2364.31,7.217094,CNY,17063.40,SETTLED
PA-BNK-000444,PA-INS-000445,PA-00000444,PARTNER_A,LOCAL_BANK_TRANSFER,2025-03-26T14:29:00Z,2025-03-26,2025-03-27,USD,51.06,8456.26,7.217094,CNY,61029.61,SETTLED
PA-BNK-000445,PA-INS-000446,PA-00000445,PARTNER_A,LOCAL_BANK_TRANSFER,2025-03-26T15:27:00Z,2025-03-26,2025-03-27,USD,16.69,2762.62,7.215390,CNY,19933.38,SETTLED
PA-BNK-000446,PA-INS-000447,PA-00000446,PARTNER_A,LOCAL_BANK_TRANSFER,2025-03-26T19:24:00Z,2025-03-26,2025-03-27,USD,95.65,15825.62,7.219684,CNY,114255.91,SETTLED
PB-BNK-000447,PB-INS-000443,PB-00000447,PARTNER_B,LOCAL_BANK_TRANSFER,2025-03-26T14:28:00Z,2025-03-26,2025-03-28,USD,71.91,19076.01,7.218538,CNY,137700.87,SETTLED
PA-BNK-000448,PA-INS-000449,PA-00000448,PARTNER_A,SWIFT,2025-03-27T13:34:00Z,2025-03-27,2025-03-28,USD,20.32,3366.33,7.214717,CNY,24287.06,SETTLED
PA-BNK-000449,PA-INS-000448,PA-00000449,PARTNER_A,LOCAL_BANK_TRANSFER,2025-03-27T13:48:00Z,2025-03-27,2025-03-28,USD,26.94,4462.38,7.214717,CNY,32194.80,SETTLED
PA-BNK-000450,PA-INS-000453,PA-00000450,PARTNER_A,LOCAL_BANK_TRANSFER,2025-03-27T14:37:00Z,2025-03-27,2025-03-28,USD,19.43,3219.19,7.206505,CNY,23199.08,SETTLED
PA-BNK-000451,PA-INS-000454,PA-00000451,PARTNER_A,LOCAL_BANK_TRANSFER,2025-03-27T19:09:00Z,2025-03-27,2025-03-28,USD,12.53,2076.13,7.198083,CNY,14944.11,SETTLED
PA-BNK-000452,PA-INS-000456,PA-00000452,PARTNER_A,LOCAL_BANK_TRANSFER,2025-03-27T20:27:00Z,2025-03-27,2025-03-28,USD,22.66,3753.13,7.192913,CNY,26995.88,SETTLED
PB-BNK-000453,PB-INS-000450,PB-00000453,PARTNER_B,LOCAL_BANK_TRANSFER,2025-03-27T14:05:00Z,2025-03-27,2025-03-31,USD,79.47,21214.43,7.207947,CNY,152912.44,SETTLED
PB-BNK-000454,PB-INS-000452,PB-00000454,PARTNER_B,LOCAL_BANK_TRANSFER,2025-03-27T14:29:00Z,2025-03-27,2025-03-31,USD,17.22,3473.43,7.207947,CNY,25036.28,SETTLED
PB-BNK-000455,PB-INS-000451,PB-00000455,PARTNER_B,LOCAL_BANK_TRANSFER,2025-03-27T17:07:00Z,2025-03-27,2025-03-31,USD,9.61,1308.09,7.204087,CNY,9423.53,SETTLED
PA-BNK-000456,PA-INS-000457,PA-00000456,PARTNER_A,LOCAL_BANK_TRANSFER,2025-03-28T13:05:00Z,2025-03-28,2025-03-31,USD,70.69,11721.32,7.186251,CNY,84232.30,SETTLED
PA-BNK-000457,PA-INS-000455,PA-00000457,PARTNER_A,LOCAL_BANK_TRANSFER,2025-03-28T14:16:00Z,2025-03-28,2025-03-31,USD,15.27,2532.68,7.184951,CNY,18197.14,SETTLED
PA-BNK-000458,PA-INS-000458,PA-00000458,PARTNER_A,LOCAL_BANK_TRANSFER,2025-03-28T14:18:00Z,2025-03-28,2025-03-31,USD,113.26,18769.87,7.184951,CNY,134860.59,SETTLED
PA-BNK-000459,PA-INS-000461,PA-00000459,PARTNER_A,LOCAL_BANK_TRANSFER,2025-03-28T14:34:00Z,2025-03-28,2025-03-31,USD,17.18,2846.11,7.184951,CNY,20449.11,SETTLED
PA-BNK-000460,PA-INS-000462,PA-00000460,PARTNER_A,LOCAL_BANK_TRANSFER,2025-03-28T16:11:00Z,2025-03-28,2025-03-31,USD,31.04,5140.96,7.184205,CNY,36933.71,SETTLED
PA-BNK-000461,PA-INS-000463,PA-00000461,PARTNER_A,LOCAL_BANK_TRANSFER,2025-03-28T17:47:00Z,2025-03-28,2025-03-31,USD,8.33,1377.55,7.188000,CNY,9901.78,SETTLED
