payment_id,partner_instruction_id,customer_id,entity,partner,payment_method,booking_timestamp_utc,booking_date,source_currency,source_amount_usd,destination_currency,quoted_fx_rate,expected_partner_fee_usd,expected_net_source_amount_usd,expected_fx_execution_source_amount_usd,quoted_destination_amount_cny,expected_settlement_date,ledger_status
PAY-000001,PA-INS-000001,CUST-0002,GLOBALPAY_US,PARTNER_A,LOCAL_BANK_TRANSFER,2025-01-02T13:29:00Z,2025-01-02,USD,4242.14,CNY,7.094159,25.45,4216.69,4216.70,29913.87,2025-01-03,BOOKED
PAY-000002,PA-INS-000002,CUST-0004,GLOBALPAY_US,PARTNER_A,LOCAL_BANK_TRANSFER,2025-01-02T14:18:00Z,2025-01-02,USD,1172.16,CNY,7.091159,7.03,1165.13,1165.13,8262.12,2025-01-03,BOOKED
PAY-000003,PB-INS-000003,CUST-0012,GLOBALPAY_US,PARTNER_B,SWIFT,2025-01-02T14:39:00Z,2025-01-02,USD,19218.19,CNY,7.091159,72.26,19145.93,19145.93,135766.83,2025-01-06,BOOKED
PAY-000004,PA-INS-000004,CUST-0021,GLOBALPAY_US,PARTNER_A,SWIFT,2025-01-02T15:12:00Z,2025-01-02,USD,6811.41,CNY,7.095376,40.87,6770.54,6770.55,48039.53,2025-01-03,BOOKED
PAY-000005,PB-INS-000005,CUST-0023,GLOBALPAY_US,PARTNER_B,LOCAL_BANK_TRANSFER,2025-01-02T15:20:00Z,2025-01-02,USD,2793.47,CNY,7.095376,14.78,2778.69,2778.69,19715.85,2025-01-06,BOOKED
PAY-000006,PA-INS-000006,CUST-0002,GLOBALPAY_US,PARTNER_A,SWIFT,2025-01-02T18:59:00Z,2025-01-02,USD,7722.17,CNY,7.099094,46.33,7675.84,7675.85,54491.51,2025-01-03,BOOKED
PAY-000007,PB-INS-000007,CUST-0019,GLOBALPAY_US,PARTNER_B,LOCAL_BANK_TRANSFER,2025-01-03T00:06:00Z,2025-01-02,USD,2744.69,CNY,7.092562,14.61,2730.08,2730.08,19363.26,2025-01-07,BOOKED
PAY-000008,PB-INS-000008,CUST-0014,GLOBALPAY_US,PARTNER_B,LOCAL_BANK_TRANSFER,2025-01-03T00:15:00Z,2025-01-02,USD,5586.70,CNY,7.092562,24.55,5562.15,5562.15,39449.89,2025-01-07,BOOKED
PAY-000009,PB-INS-000009,CUST-0016,GLOBALPAY_US,PARTNER_B,LOCAL_BANK_TRANSFER,2025-01-03T13:04:00Z,2025-01-03,USD,2653.51,CNY,7.081166,14.29,2639.22,2639.22,18688.75,2025-01-07,BOOKED
PAY-000010,PA-INS-000010,CUST-0004,GLOBALPAY_US,PARTNER_A,LOCAL_BANK_TRANSFER,2025-01-03T13:58:00Z,2025-01-03,USD,6825.26,CNY,7.081166,40.95,6784.31,6784.32,48040.83,2025-01-06,BOOKED
PAY-000011,PA-INS-000011,CUST-0009,GLOBALPAY_US,PARTNER_A,LOCAL_BANK_TRANSFER,2025-01-03T18:27:00Z,2025-01-03,USD,4958.52,CNY,7.078628,29.75,4928.77,4928.78,34888.93,2025-01-06,BOOKED
PAY-000012,PA-INS-000012,CUST-0006,GLOBALPAY_US,PARTNER_A,SWIFT,2025-01-03T20:52:00Z,2025-01-03,USD,5358.87,CNY,7.075570,32.15,5326.72,5326.72,37689.58,2025-01-06,BOOKED
PAY-000013,PA-INS-000013,CUST-0023,GLOBALPAY_US,PARTNER_A,SWIFT,2025-01-03T23:06:00Z,2025-01-03,USD,13904.34,CNY,7.068948,83.43,13820.91,13820.91,97699.29,2025-01-07,BOOKED
PAY-000014,PB-INS-000014,CUST-0015,GLOBALPAY_US,PARTNER_B,LOCAL_BANK_TRANSFER,2025-01-03T23:55:00Z,2025-01-03,USD,3935.08,CNY,7.068948,18.77,3916.31,3916.31,27684.19,2025-01-08,BOOKED
PAY-000015,PB-INS-000015,CUST-0003,GLOBALPAY_US,PARTNER_B,SWIFT,2025-01-06T13:11:00Z,2025-01-06,USD,1455.95,CNY,7.071742,10.10,1445.85,1445.86,10224.68,2025-01-08,BOOKED
PAY-000016,PA-INS-000016,CUST-0015,GLOBALPAY_US,PARTNER_A,LOCAL_BANK_TRANSFER,2025-01-06T13:53:00Z,2025-01-06,USD,1143.82,CNY,7.071742,6.86,1136.96,1136.97,8040.29,2025-01-07,BOOKED
PAY-000017,PA-INS-000017,CUST-0024,GLOBALPAY_US,PARTNER_A,LOCAL_BANK_TRANSFER,2025-01-06T17:07:00Z,2025-01-06,USD,1501.80,CNY,7.074942,9.01,1492.79,1492.79,10561.40,2025-01-07,BOOKED
PAY-000018,PA-INS-000018,CUST-0023,GLOBALPAY_US,PARTNER_A,LOCAL_BANK_TRANSFER,2025-01-06T18:29:00Z,2025-01-06,USD,3087.09,CNY,7.072188,18.52,3068.57,3068.57,21701.50,2025-01-07,BOOKED
PAY-000019,PA-INS-000019,CUST-0020,GLOBALPAY_US,PARTNER_A,LOCAL_BANK_TRANSFER,2025-01-06T19:46:00Z,2025-01-06,USD,4635.55,CNY,7.075964,27.81,4607.74,4607.74,32604.20,2025-01-07,BOOKED
PAY-000020,PB-INS-000020,CUST-0023,GLOBALPAY_US,PARTNER_B,LOCAL_BANK_TRANSFER,2025-01-06T19:55:00Z,2025-01-06,USD,4869.28,CNY,7.075964,22.04,4847.24,4847.25,34298.90,2025-01-09,BOOKED
PAY-000021,PA-INS-000021,CUST-0008,GLOBALPAY_US,PARTNER_A,LOCAL_BANK_TRANSFER,2025-01-06T20:18:00Z,2025-01-06,USD,17845.09,CNY,7.070707,107.07,17738.02,17738.02,125420.34,2025-01-07,BOOKED
PAY-000022,PB-INS-000022,CUST-0009,GLOBALPAY_US,PARTNER_B,LOCAL_BANK_TRANSFER,2025-01-06T20:20:00Z,2025-01-06,USD,5582.49,CNY,7.070707,24.54,5557.95,5557.96,39298.64,2025-01-09,BOOKED
PAY-000023,PA-INS-000023,CUST-0005,GLOBALPAY_US,PARTNER_A,LOCAL_BANK_TRANSFER,2025-01-06T21:06:00Z,2025-01-06,USD,2671.29,CNY,7.066570,16.03,2655.26,2655.26,18763.58,2025-01-08,BOOKED
PAY-000024,PA-INS-000024,CUST-0014,GLOBALPAY_US,PARTNER_A,LOCAL_BANK_TRANSFER,2025-01-06T22:19:00Z,2025-01-06,USD,13791.09,CNY,7.070958,82.75,13708.34,13708.35,96931.10,2025-01-08,BOOKED
PAY-000025,PA-INS-000025,CUST-0020,GLOBALPAY_US,PARTNER_A,LOCAL_BANK_TRANSFER,2025-01-06T23:23:00Z,2025-01-06,USD,3999.90,CNY,7.074159,24.00,3975.90,3975.91,28126.15,2025-01-08,BOOKED
PAY-000026,PA-INS-000026,CUST-0024,GLOBALPAY_US,PARTNER_A,LOCAL_BANK_TRANSFER,2025-01-07T00:51:00Z,2025-01-06,USD,2577.03,CNY,7.060271,15.46,2561.57,2561.58,18085.38,2025-01-08,BOOKED
PAY-000027,PA-INS-000027,CUST-0018,GLOBALPAY_US,PARTNER_A,LOCAL_BANK_TRANSFER,2025-01-07T15:14:00Z,2025-01-07,USD,17158.81,CNY,7.049523,102.95,17055.86,17055.87,120235.68,2025-01-08,BOOKED
PAY-000028,PB-INS-000028,CUST-0012,GLOBALPAY_US,PARTNER_B,LOCAL_BANK_TRANSFER,2025-01-07T16:22:00Z,2025-01-07,USD,26970.94,CNY,7.044735,99.40,26871.54,26871.55,189302.88,2025-01-09,BOOKED
PAY-000029,PB-INS-000029,CUST-0009,GLOBALPAY_US,PARTNER_B,SWIFT,2025-01-07T16:35:00Z,2025-01-07,USD,1264.55,CNY,7.044735,9.43,1255.12,1255.13,8841.99,2025-01-09,BOOKED
PAY-000030,PA-INS-000030,CUST-0020,GLOBALPAY_US,PARTNER_A,SWIFT,2025-01-07T17:35:00Z,2025-01-07,USD,5249.03,CNY,7.042060,31.49,5217.54,5217.55,36742.23,2025-01-08,BOOKED
PAY-000031,PA-INS-000031,CUST-0021,GLOBALPAY_US,PARTNER_A,LOCAL_BANK_TRANSFER,2025-01-07T18:11:00Z,2025-01-07,USD,1623.27,CNY,7.052373,9.74,1613.53,1613.54,11379.22,2025-01-08,BOOKED
PAY-000032,PA-INS-000032,CUST-0013,GLOBALPAY_US,PARTNER_A,LOCAL_BANK_TRANSFER,2025-01-07T18:54:00Z,2025-01-07,USD,15154.98,CNY,7.052373,90.93,15064.05,15064.06,106237.30,2025-01-08,BOOKED
PAY-000033,PA-INS-000033,CUST-0004,GLOBALPAY_US,PARTNER_A,LOCAL_BANK_TRANSFER,2025-01-07T18:59:00Z,2025-01-07,USD,6801.33,CNY,7.052373,40.81,6760.52,6760.53,47677.71,2025-01-08,BOOKED
PAY-000034,PA-INS-000034,CUST-0002,GLOBALPAY_US,PARTNER_A,LOCAL_BANK_TRANSFER,2025-01-07T20:09:00Z,2025-01-07,USD,2153.71,CNY,7.059159,12.92,2140.79,2140.80,15112.18,2025-01-08,BOOKED
PAY-000035,PB-INS-000035,CUST-0006,GLOBALPAY_US,PARTNER_B,LOCAL_BANK_TRANSFER,2025-01-07T21:43:00Z,2025-01-07,USD,1640.93,CNY,7.061553,10.74,1630.19,1630.19,11511.67,2025-01-10,BOOKED
PAY-000036,PA-INS-000036,CUST-0019,GLOBALPAY_US,PARTNER_A,LOCAL_BANK_TRANSFER,2025-01-07T22:26:00Z,2025-01-07,USD,2125.13,CNY,7.062747,12.75,2112.38,2112.39,14919.21,2025-01-09,BOOKED
PAY-000037,PB-INS-000037,CUST-0016,GLOBALPAY_US,PARTNER_B,LOCAL_BANK_TRANSFER,2025-01-07T23:11:00Z,2025-01-07,USD,3555.72,CNY,7.060036,17.45,3538.27,3538.27,24980.31,2025-01-10,BOOKED
PAY-000038,PB-INS-000038,CUST-0014,GLOBALPAY_US,PARTNER_B,LOCAL_BANK_TRANSFER,2025-01-07T23:30:00Z,2025-01-07,USD,15951.26,CNY,7.060036,60.83,15890.43,15890.44,112187.01,2025-01-10,BOOKED
PAY-000039,PA-INS-000039,CUST-0009,GLOBALPAY_US,PARTNER_A,LOCAL_BANK_TRANSFER,2025-01-07T23:37:00Z,2025-01-07,USD,2798.17,CNY,7.060036,16.79,2781.38,2781.38,19636.64,2025-01-09,BOOKED
PAY-000040,PA-INS-000040,CUST-0020,GLOBALPAY_US,PARTNER_A,SWIFT,2025-01-08T14:26:00Z,2025-01-08,USD,5985.06,CNY,7.055305,35.91,5949.15,5949.16,41973.07,2025-01-09,BOOKED
PAY-000041,PA-INS-000041,CUST-0023,GLOBALPAY_US,PARTNER_A,LOCAL_BANK_TRANSFER,2025-01-08T14:29:00Z,2025-01-08,USD,30865.52,CNY,7.055305,185.19,30680.33,30680.34,216459.09,2025-01-09,BOOKED
PAY-000042,PA-INS-000042,CUST-0017,GLOBALPAY_US,PARTNER_A,LOCAL_BANK_TRANSFER,2025-01-08T14:58:00Z,2025-01-08,USD,8915.43,CNY,7.055305,53.49,8861.94,8861.95,62523.69,2025-01-09,BOOKED
PAY-000043,PA-INS-000043,CUST-0015,GLOBALPAY_US,PARTNER_A,LOCAL_BANK_TRANSFER,2025-01-08T17:06:00Z,2025-01-08,USD,2451.16,CNY,7.061825,14.71,2436.45,2436.45,17205.78,2025-01-09,BOOKED
PAY-000044,PB-INS-000044,CUST-0007,GLOBALPAY_US,PARTNER_B,LOCAL_BANK_TRANSFER,2025-01-08T18:00:00Z,2025-01-08,USD,11042.02,CNY,7.054444,43.65,10998.37,10998.38,77587.39,2025-01-10,BOOKED
PAY-000045,PB-INS-000045,CUST-0011,GLOBALPAY_US,PARTNER_B,LOCAL_BANK_TRANSFER,2025-01-08T18:27:00Z,2025-01-08,USD,20142.43,CNY,7.054444,75.50,20066.93,20066.93,141561.03,2025-01-10,BOOKED
PAY-000046,PA-INS-000046,CUST-0001,GLOBALPAY_US,PARTNER_A,SWIFT,2025-01-09T00:39:00Z,2025-01-08,USD,3268.53,CNY,7.049950,19.61,3248.92,3248.92,22904.72,2025-01-10,BOOKED
PAY-000047,PA-INS-000047,CUST-0007,GLOBALPAY_US,PARTNER_A,LOCAL_BANK_TRANSFER,2025-01-09T00:40:00Z,2025-01-08,USD,2981.72,CNY,7.049950,17.89,2963.83,2963.83,20894.85,2025-01-10,BOOKED
PAY-000048,PA-INS-000048,CUST-0014,GLOBALPAY_US,PARTNER_A,LOCAL_BANK_TRANSFER,2025-01-09T00:58:00Z,2025-01-08,USD,3093.53,CNY,7.049950,18.56,3074.97,3074.97,21678.38,2025-01-10,BOOKED
PAY-000049,PA-INS-000049,CUST-0005,GLOBALPAY_US,PARTNER_A,LOCAL_BANK_TRANSFER,2025-01-09T13:55:00Z,2025-01-09,USD,3796.51,CNY,7.048571,22.78,3773.73,3773.73,26599.40,2025-01-10,BOOKED
PAY-000050,PA-INS-000050,CUST-0009,GLOBALPAY_US,PARTNER_A,LOCAL_BANK_TRANSFER,2025-01-09T14:24:00Z,2025-01-09,USD,2215.77,CNY,7.051387,13.29,2202.48,2202.49,15530.54,2025-01-10,BOOKED
PAY-000051,PB-INS-000051,CUST-0008,GLOBALPAY_US,PARTNER_B,SWIFT,2025-01-09T14:52:00Z,2025-01-09,USD,3971.21,CNY,7.051387,18.90,3952.31,3952.32,27869.27,2025-01-13,BOOKED
PAY-000052,PA-INS-000052,CUST-0025,GLOBALPAY_US,PARTNER_A,LOCAL_BANK_TRANSFER,2025-01-09T15:14:00Z,2025-01-09,USD,4065.87,CNY,7.052662,24.40,4041.47,4041.47,28503.12,2025-01-10,BOOKED
PAY-000053,PB-INS-000053,CUST-0008,GLOBALPAY_US,PARTNER_B,LOCAL_BANK_TRANSFER,2025-01-09T16:09:00Z,2025-01-09,USD,8559.99,CNY,7.059428,34.96,8525.03,8525.04,60181.84,2025-01-13,BOOKED
PAY-000054,PA-INS-000054,CUST-0017,GLOBALPAY_US,PARTNER_A,LOCAL_BANK_TRANSFER,2025-01-09T16:17:00Z,2025-01-09,USD,5881.86,CNY,7.059428,35.29,5846.57,5846.58,41273.44,2025-01-10,BOOKED
PAY-000055,PA-INS-000055,CUST-0006,GLOBALPAY_US,PARTNER_A,LOCAL_BANK_TRANSFER,2025-01-09T16:24:00Z,2025-01-09,USD,3306.62,CNY,7.059428,19.84,3286.78,3286.79,23202.79,2025-01-10,BOOKED
PAY-000056,PB-INS-000056,CUST-0015,GLOBALPAY_US,PARTNER_B,LOCAL_BANK_TRANSFER,2025-01-09T16:58:00Z,2025-01-09,USD,2481.74,CNY,7.059428,13.69,2468.05,2468.05,17423.02,2025-01-13,BOOKED
PAY-000057,PA-INS-000057,CUST-0025,GLOBALPAY_US,PARTNER_A,LOCAL_BANK_TRANSFER,2025-01-09T21:06:00Z,2025-01-09,USD,2088.05,CNY,7.065261,12.53,2075.52,2075.52,14664.09,2025-01-13,BOOKED
PAY-000058,PA-INS-000058,CUST-0016,GLOBALPAY_US,PARTNER_A,LOCAL_BANK_TRANSFER,2025-01-09T21:23:00Z,2025-01-09,USD,17102.17,CNY,7.065261,102.61,16999.56,16999.57,120106.33,2025-01-13,BOOKED
PAY-000059,PA-INS-000059,CUST-0013,GLOBALPAY_US,PARTNER_A,SWIFT,2025-01-09T21:24:00Z,2025-01-09,USD,3322.12,CNY,7.065261,19.93,3302.19,3302.19,23330.83,2025-01-13,BOOKED
PAY-000060,PB-INS-000060,CUST-0004,GLOBALPAY_US,PARTNER_B,LOCAL_BANK_TRANSFER,2025-01-09T22:04:00Z,2025-01-09,USD,1545.10,CNY,7.071345,10.41,1534.69,1534.69,10852.32,2025-01-14,BOOKED
PAY-000061,PB-INS-000061,CUST-0009,GLOBALPAY_US,PARTNER_B,LOCAL_BANK_TRANSFER,2025-01-10T00:19:00Z,2025-01-09,USD,19149.43,CNY,7.076903,72.02,19077.41,19077.41,135008.98,2025-01-14,BOOKED
PAY-000062,PA-INS-000062,CUST-0024,GLOBALPAY_US,PARTNER_A,LOCAL_BANK_TRANSFER,2025-01-10T14:27:00Z,2025-01-10,USD,11325.21,CNY,7.057934,67.95,11257.26,11257.27,79453.00,2025-01-13,BOOKED
PAY-000063,PA-INS-000063,CUST-0008,GLOBALPAY_US,PARTNER_A,LOCAL_BANK_TRANSFER,2025-01-10T15:30:00Z,2025-01-10,USD,18387.17,CNY,7.059760,110.32,18276.85,18276.85,129030.17,2025-01-13,BOOKED
PAY-000064,PA-INS-000064,CUST-0011,GLOBALPAY_US,PARTNER_A,SWIFT,2025-01-10T17:05:00Z,2025-01-10,USD,4851.33,CNY,7.063276,29.11,4822.22,4822.22,34060.67,2025-01-13,BOOKED
PAY-000065,PB-INS-000065,CUST-0016,GLOBALPAY_US,PARTNER_B,LOCAL_BANK_TRANSFER,2025-01-10T19:05:00Z,2025-01-10,USD,2892.82,CNY,7.066288,15.12,2877.70,2877.71,20334.66,2025-01-15,BOOKED
PAY-000066,PA-INS-000066,CUST-0019,GLOBALPAY_US,PARTNER_A,LOCAL_BANK_TRANSFER,2025-01-10T19:29:00Z,2025-01-10,USD,3496.92,CNY,7.066288,20.98,3475.94,3475.94,24561.99,2025-01-13,BOOKED
PAY-000067,PB-INS-000067,CUST-0012,GLOBALPAY_US,PARTNER_B,SWIFT,2025-01-10T20:25:00Z,2025-01-10,USD,1610.04,CNY,7.070608,10.64,1599.40,1599.40,11308.73,2025-01-15,BOOKED
PAY-000068,PA-INS-000068,CUST-0012,GLOBALPAY_US,PARTNER_A,LOCAL_BANK_TRANSFER,2025-01-10T20:58:00Z,2025-01-10,USD,8655.90,CNY,7.070608,51.94,8603.96,8603.97,60835.23,2025-01-13,BOOKED
PAY-000069,PB-INS-000069,CUST-0021,GLOBALPAY_US,PARTNER_B,LOCAL_BANK_TRANSFER,2025-01-13T13:21:00Z,2025-01-13,USD,4283.70,CNY,7.066333,19.99,4263.71,4263.71,30128.79,2025-01-15,BOOKED
PAY-000070,PA-INS-000070,CUST-0009,GLOBALPAY_US,PARTNER_A,SWIFT,2025-01-13T15:57:00Z,2025-01-13,USD,50000.00,CNY,7.057496,300.00,49700.00,49700.00,350757.55,2025-01-14,BOOKED
PAY-000071,PB-INS-000071,CUST-0017,GLOBALPAY_US,PARTNER_B,LOCAL_BANK_TRANSFER,2025-01-13T18:30:00Z,2025-01-13,USD,2543.36,CNY,7.058648,13.90,2529.46,2529.47,17854.57,2025-01-15,BOOKED
PAY-000072,PB-INS-000072,CUST-0001,GLOBALPAY_US,PARTNER_B,LOCAL_BANK_TRANSFER,2025-01-13T19:25:00Z,2025-01-13,USD,6936.11,CNY,7.065427,29.28,6906.83,6906.83,48799.70,2025-01-16,BOOKED
PAY-000073,PB-INS-000073,CUST-0011,GLOBALPAY_US,PARTNER_B,LOCAL_BANK_TRANSFER,2025-01-13T20:36:00Z,2025-01-13,USD,2092.89,CNY,7.061471,12.33,2080.56,2080.56,14691.81,2025-01-16,BOOKED
PAY-000074,PA-INS-000074,CUST-0024,GLOBALPAY_US,PARTNER_A,SWIFT,2025-01-13T21:01:00Z,2025-01-13,USD,2645.97,CNY,7.055828,15.88,2630.09,2630.09,18557.46,2025-01-15,BOOKED
PAY-000075,PB-INS-000075,CUST-0002,GLOBALPAY_US,PARTNER_B,LOCAL_BANK_TRANSFER,2025-01-13T22:12:00Z,2025-01-13,USD,8677.44,CNY,7.064190,35.37,8642.07,8642.07,61049.22,2025-01-16,BOOKED
PAY-000076,PB-INS-000076,CUST-0021,GLOBALPAY_US,PARTNER_B,SWIFT,2025-01-13T22:20:00Z,2025-01-13,USD,3355.71,CNY,7.064190,16.74,3338.97,3338.98,23587.12,2025-01-16,BOOKED
PAY-000077,PA-INS-000077,CUST-0012,GLOBALPAY_US,PARTNER_A,LOCAL_BANK_TRANSFER,2025-01-13T22:41:00Z,2025-01-13,USD,13219.32,CNY,7.064190,79.32,13140.00,13140.01,92823.46,2025-01-15,BOOKED
PAY-000078,PB-INS-000078,CUST-0007,GLOBALPAY_US,PARTNER_B,SWIFT,2025-01-14T18:01:00Z,2025-01-14,USD,18969.77,CNY,7.076735,71.39,18898.38,18898.39,133738.83,2025-01-16,BOOKED
PAY-000079,PB-INS-000079,CUST-0005,GLOBALPAY_US,PARTNER_B,LOCAL_BANK_TRANSFER,2025-01-14T20:38:00Z,2025-01-14,USD,10234.70,CNY,7.071433,40.82,10193.88,10193.89,72085.34,2025-01-17,BOOKED
PAY-000080,PB-INS-000080,CUST-0005,GLOBALPAY_US,PARTNER_B,SWIFT,2025-01-14T21:08:00Z,2025-01-14,USD,4837.54,CNY,7.065641,21.93,4815.61,4815.61,34025.37,2025-01-17,BOOKED
PAY-000081,PB-INS-000081,CUST-0011,GLOBALPAY_US,PARTNER_B,SWIFT,2025-01-14T22:51:00Z,2025-01-14,USD,3103.22,CNY,7.070804,15.86,3087.36,3087.37,21830.12,2025-01-17,BOOKED
PAY-000082,PA-INS-000082,CUST-0010,GLOBALPAY_US,PARTNER_A,LOCAL_BANK_TRANSFER,2025-01-14T22:54:00Z,2025-01-14,USD,2714.04,CNY,7.070804,16.28,2697.76,2697.76,19075.33,2025-01-16,BOOKED
PAY-000083,PA-INS-000083,CUST-0021,GLOBALPAY_US,PARTNER_A,LOCAL_BANK_TRANSFER,2025-01-14T23:44:00Z,2025-01-14,USD,12026.69,CNY,7.066399,72.16,11954.53,11954.54,84475.48,2025-01-16,BOOKED
PAY-000084,PA-INS-000084,CUST-0011,GLOBALPAY_US,PARTNER_A,LOCAL_BANK_TRANSFER,2025-01-15T00:40:00Z,2025-01-14,USD,1425.44,CNY,7.066684,8.55,1416.89,1416.89,10012.71,2025-01-16,BOOKED
PAY-000085,PA-INS-000085,CUST-0016,GLOBALPAY_US,PARTNER_A,LOCAL_BANK_TRANSFER,2025-01-15T13:42:00Z,2025-01-15,USD,4495.57,CNY,7.058765,26.97,4468.60,4468.61,31542.80,2025-01-16,BOOKED
PAY-000086,PA-INS-000086,CUST-0013,GLOBALPAY_US,PARTNER_A,LOCAL_BANK_TRANSFER,2025-01-15T18:23:00Z,2025-01-15,USD,2447.97,CNY,7.068289,14.69,2433.28,2433.29,17199.13,2025-01-16,BOOKED
PAY-000087,PB-INS-000087,CUST-0008,GLOBALPAY_US,PARTNER_B,LOCAL_BANK_TRANSFER,2025-01-15T18:55:00Z,2025-01-15,USD,15545.71,CNY,7.068289,59.41,15486.30,15486.30,109461.64,2025-01-17,BOOKED
PAY-000088,PB-INS-000088,CUST-0019,GLOBALPAY_US,PARTNER_B,LOCAL_BANK_TRANSFER,2025-01-15T22:11:00Z,2025-01-15,USD,923.56,CNY,7.055715,8.23,915.33,915.34,6458.31,2025-01-21,BOOKED
PAY-000089,PA-INS-000089,CUST-0013,GLOBALPAY_US,PARTNER_A,LOCAL_BANK_TRANSFER,2025-01-15T23:10:00Z,2025-01-15,USD,2491.55,CNY,7.058983,14.95,2476.60,2476.61,17482.28,2025-01-17,BOOKED
PAY-000090,PA-INS-000090,CUST-0005,GLOBALPAY_US,PARTNER_A,LOCAL_BANK_TRANSFER,2025-01-16T00:07:00Z,2025-01-15,USD,3334.71,CNY,7.056389,20.01,3314.70,3314.70,23389.81,2025-01-17,BOOKED
PAY-000091,PB-INS-000091,CUST-0023,GLOBALPAY_US,PARTNER_B,SWIFT,2025-01-16T00:44:00Z,2025-01-15,USD,3239.97,CNY,7.056389,16.34,3223.63,3223.64,22747.19,2025-01-21,BOOKED
PAY-000092,PB-INS-000092,CUST-0021,GLOBALPAY_US,PARTNER_B,LOCAL_BANK_TRANSFER,2025-01-16T13:45:00Z,2025-01-16,USD,15841.91,CNY,7.033171,60.45,15781.46,15781.47,110993.71,2025-01-21,BOOKED
PAY-000093,PA-INS-000093,CUST-0019,GLOBALPAY_US,PARTNER_A,SWIFT,2025-01-16T15:08:00Z,2025-01-16,USD,4767.37,CNY,7.038257,28.60,4738.77,4738.77,33352.68,2025-01-17,BOOKED
PAY-000094,PB-INS-000094,CUST-0022,GLOBALPAY_US,PARTNER_B,LOCAL_BANK_TRANSFER,2025-01-16T19:42:00Z,2025-01-16,USD,5820.96,CNY,7.045723,25.37,5795.59,5795.59,40834.12,2025-01-22,BOOKED
PAY-000095,PA-INS-000095,CUST-0025,GLOBALPAY_US,PARTNER_A,SWIFT,2025-01-16T22:07:00Z,2025-01-16,USD,2634.43,CNY,7.037289,15.81,2618.62,2618.63,18427.99,2025-01-21,BOOKED
PAY-000096,PA-INS-000096,CUST-0006,GLOBALPAY_US,PARTNER_A,LOCAL_BANK_TRANSFER,2025-01-16T23:09:00Z,2025-01-16,USD,2648.59,CNY,7.036304,15.89,2632.70,2632.71,18524.48,2025-01-21,BOOKED
PAY-000097,PB-INS-000097,CUST-0010,GLOBALPAY_US,PARTNER_B,SWIFT,2025-01-17T00:06:00Z,2025-01-16,USD,12948.51,CNY,7.035356,50.32,12898.19,12898.20,90743.36,2025-01-22,BOOKED
PAY-000098,PA-INS-000098,CUST-0003,GLOBALPAY_US,PARTNER_A,LOCAL_BANK_TRANSFER,2025-01-17T00:08:00Z,2025-01-16,USD,2446.45,CNY,7.035356,14.68,2431.77,2431.78,17108.37,2025-01-21,BOOKED
PAY-000099,PA-INS-000099,CUST-0008,GLOBALPAY_US,PARTNER_A,SWIFT,2025-01-17T00:18:00Z,2025-01-16,USD,8573.07,CNY,7.035356,51.44,8521.63,8521.63,59952.70,2025-01-21,BOOKED
PAY-000100,PA-INS-000100,CUST-0020,GLOBALPAY_US,PARTNER_A,LOCAL_BANK_TRANSFER,2025-01-17T16:22:00Z,2025-01-17,USD,7566.30,CNY,7.027813,45.40,7520.90,7520.91,52855.48,2025-01-21,BOOKED
PAY-000101,PA-INS-000101,CUST-0022,GLOBALPAY_US,PARTNER_A,LOCAL_BANK_TRANSFER,2025-01-17T20:48:00Z,2025-01-17,USD,8950.58,CNY,7.035023,53.70,8896.88,8896.89,62589.76,2025-01-21,BOOKED
PAY-000102,PB-INS-000102,CUST-0006,GLOBALPAY_US,PARTNER_B,SWIFT,2025-01-17T20:55:00Z,2025-01-17,USD,3014.95,CNY,7.035023,15.55,2999.40,2999.41,21100.85,2025-01-23,BOOKED
PAY-000103,PB-INS-000103,CUST-0022,GLOBALPAY_US,PARTNER_B,LOCAL_BANK_TRANSFER,2025-01-17T22:27:00Z,2025-01-17,USD,4671.76,CNY,7.038641,21.35,4650.41,4650.42,32732.57,2025-01-23,BOOKED
PAY-000104,PB-INS-000104,CUST-0025,GLOBALPAY_US,PARTNER_B,LOCAL_BANK_TRANSFER,2025-01-21T13:30:00Z,2025-01-21,USD,4324.47,CNY,7.051499,20.14,4304.33,4304.34,30351.98,2025-01-23,BOOKED
PAY-000105,PB-INS-000105,CUST-0020,GLOBALPAY_US,PARTNER_B,LOCAL_BANK_TRANSFER,2025-01-21T13:35:00Z,2025-01-21,USD,2749.82,CNY,7.051499,14.62,2735.20,2735.20,19287.26,2025-01-23,BOOKED
PAY-000106,PB-INS-000106,CUST-0024,GLOBALPAY_US,PARTNER_B,SWIFT,2025-01-21T14:03:00Z,2025-01-21,USD,1222.29,CNY,7.050328,9.28,1213.01,1213.02,8552.12,2025-01-23,BOOKED
PAY-000107,PA-INS-000107,CUST-0008,GLOBALPAY_US,PARTNER_A,LOCAL_BANK_TRANSFER,2025-01-21T14:55:00Z,2025-01-21,USD,10595.19,CNY,7.050328,63.57,10531.62,10531.63,74251.38,2025-01-22,BOOKED
PAY-000108,PB-INS-000108,CUST-0004,GLOBALPAY_US,PARTNER_B,LOCAL_BANK_TRANSFER,2025-01-21T16:03:00Z,2025-01-21,USD,35735.90,CNY,7.047859,130.08,35605.82,35605.83,250944.80,2025-01-23,BOOKED
PAY-000109,PB-INS-000109,CUST-0010,GLOBALPAY_US,PARTNER_B,LOCAL_BANK_TRANSFER,2025-01-21T18:43:00Z,2025-01-21,USD,5817.47,CNY,7.043419,25.36,5792.11,5792.12,40796.26,2025-01-23,BOOKED
PAY-000110,PB-INS-000110,CUST-0019,GLOBALPAY_US,PARTNER_B,SWIFT,2025-01-21T18:53:00Z,2025-01-21,USD,2296.35,CNY,7.043419,13.04,2283.31,2283.32,16082.31,2025-01-23,BOOKED
PAY-000111,PB-INS-000111,CUST-0024,GLOBALPAY_US,PARTNER_B,LOCAL_BANK_TRANSFER,2025-01-21T19:17:00Z,2025-01-21,USD,1054.19,CNY,7.051323,8.69,1045.50,1045.51,7372.16,2025-01-24,BOOKED
PAY-000112,PA-INS-000112,CUST-0008,GLOBALPAY_US,PARTNER_A,LOCAL_BANK_TRANSFER,2025-01-21T20:06:00Z,2025-01-21,USD,4178.03,CNY,7.051144,25.07,4152.96,4152.97,29283.12,2025-01-22,BOOKED
PAY-000113,PB-INS-000113,CUST-0018,GLOBALPAY_US,PARTNER_B,SWIFT,2025-01-21T20:24:00Z,2025-01-21,USD,5685.67,CNY,7.051144,24.90,5660.77,5660.77,39914.90,2025-01-24,BOOKED
PAY-000114,PA-INS-000114,CUST-0020,GLOBALPAY_US,PARTNER_A,SWIFT,2025-01-21T21:06:00Z,2025-01-21,USD,1800.21,CNY,7.053953,10.80,1789.41,1789.41,12622.41,2025-01-23,BOOKED
PAY-000115,PA-INS-000115,CUST-0008,GLOBALPAY_US,PARTNER_A,LOCAL_BANK_TRANSFER,2025-01-21T21:33:00Z,2025-01-21,USD,6090.99,CNY,7.053953,36.55,6054.44,6054.45,42707.74,2025-01-23,BOOKED
PAY-000116,PB-INS-000116,CUST-0007,GLOBALPAY_US,PARTNER_B,SWIFT,2025-01-21T22:03:00Z,2025-01-21,USD,1758.18,CNY,7.056021,11.15,1747.03,1747.03,12327.08,2025-01-24,BOOKED
PAY-000117,PA-INS-000117,CUST-0012,GLOBALPAY_US,PARTNER_A,LOCAL_BANK_TRANSFER,2025-01-22T16:16:00Z,2025-01-22,USD,2926.47,CNY,7.062032,17.56,2908.91,2908.92,20542.82,2025-01-23,BOOKED
PAY-000118,PB-INS-000118,CUST-0012,GLOBALPAY_US,PARTNER_B,LOCAL_BANK_TRANSFER,2025-01-22T16:34:00Z,2025-01-22,USD,1660.67,CNY,7.062032,10.81,1649.86,1649.86,11651.36,2025-01-24,BOOKED
PAY-000119,PA-INS-000119,CUST-0009,GLOBALPAY_US,PARTNER_A,LOCAL_BANK_TRANSFER,2025-01-22T17:29:00Z,2025-01-22,USD,1703.26,CNY,7.059107,10.22,1693.04,1693.04,11951.35,2025-01-23,BOOKED
PAY-000120,PB-INS-000120,CUST-0016,GLOBALPAY_US,PARTNER_B,LOCAL_BANK_TRANSFER,2025-01-22T18:44:00Z,2025-01-22,USD,2079.21,CNY,7.054091,12.28,2066.93,2066.93,14580.31,2025-01-24,BOOKED
PAY-000121,PA-INS-000121,CUST-0009,GLOBALPAY_US,PARTNER_A,SWIFT,2025-01-22T19:15:00Z,2025-01-22,USD,2274.04,CNY,7.052138,13.64,2260.40,2260.40,15940.65,2025-01-23,BOOKED
PAY-000122,PB-INS-000122,CUST-0019,GLOBALPAY_US,PARTNER_B,SWIFT,2025-01-22T20:16:00Z,2025-01-22,USD,3483.16,CNY,7.046564,17.19,3465.97,3465.98,24423.18,2025-01-27,BOOKED
PAY-000123,PB-INS-000123,CUST-0006,GLOBALPAY_US,PARTNER_B,LOCAL_BANK_TRANSFER,2025-01-22T21:34:00Z,2025-01-22,USD,21788.80,CNY,7.045465,81.26,21707.54,21707.54,152939.71,2025-01-27,BOOKED
PAY-000124,PA-INS-000124,CUST-0019,GLOBALPAY_US,PARTNER_A,LOCAL_BANK_TRANSFER,2025-01-23T00:33:00Z,2025-01-22,USD,50000.00,CNY,7.057651,300.00,49700.00,49700.00,350765.25,2025-01-24,BOOKED
PAY-000125,PA-INS-000125,CUST-0005,GLOBALPAY_US,PARTNER_A,LOCAL_BANK_TRANSFER,2025-01-23T13:44:00Z,2025-01-23,USD,2174.02,CNY,7.062850,13.04,2160.98,2160.99,15262.68,2025-01-24,BOOKED
PAY-000126,PA-INS-000126,CUST-0018,GLOBALPAY_US,PARTNER_A,LOCAL_BANK_TRANSFER,2025-01-23T13:58:00Z,2025-01-23,USD,8512.28,CNY,7.062850,51.07,8461.21,8461.22,59760.26,2025-01-24,BOOKED
PAY-000127,PA-INS-000127,CUST-0002,GLOBALPAY_US,PARTNER_A,LOCAL_BANK_TRANSFER,2025-01-23T14:16:00Z,2025-01-23,USD,2939.50,CNY,7.060168,17.64,2921.86,2921.86,20628.82,2025-01-24,BOOKED
PAY-000128,PB-INS-000128,CUST-0019,GLOBALPAY_US,PARTNER_B,SWIFT,2025-01-23T14:31:00Z,2025-01-23,USD,4368.95,CNY,7.060168,20.29,4348.66,4348.66,30702.27,2025-01-27,BOOKED
PAY-000129,PB-INS-000129,CUST-0013,GLOBALPAY_US,PARTNER_B,LOCAL_BANK_TRANSFER,2025-01-23T16:22:00Z,2025-01-23,USD,2223.38,CNY,7.055160,12.78,2210.60,2210.61,15596.14,2025-01-27,BOOKED
PAY-000130,PA-INS-000130,CUST-0022,GLOBALPAY_US,PARTNER_A,LOCAL_BANK_TRANSFER,2025-01-23T17:12:00Z,2025-01-23,USD,3657.33,CNY,7.059610,21.94,3635.39,3635.40,25664.44,2025-01-24,BOOKED
PAY-000131,PB-INS-000131,CUST-0016,GLOBALPAY_US,PARTNER_B,LOCAL_BANK_TRANSFER,2025-01-23T21:52:00Z,2025-01-23,USD,8323.18,CNY,7.057042,34.13,8289.05,8289.05,58496.17,2025-02-05,BOOKED
PAY-000132,PA-INS-000132,CUST-0015,GLOBALPAY_US,PARTNER_A,SWIFT,2025-01-23T23:23:00Z,2025-01-23,USD,5624.59,CNY,7.057861,33.75,5590.84,5590.84,39459.37,2025-01-27,BOOKED
PAY-000133,PA-INS-000133,CUST-0010,GLOBALPAY_US,PARTNER_A,LOCAL_BANK_TRANSFER,2025-01-23T23:50:00Z,2025-01-23,USD,8478.73,CNY,7.057861,50.87,8427.86,8427.86,59482.66,2025-01-27,BOOKED
PAY-000134,PB-INS-000134,CUST-0004,GLOBALPAY_US,PARTNER_B,LOCAL_BANK_TRANSFER,2025-01-24T00:27:00Z,2025-01-23,USD,8932.07,CNY,7.059755,36.26,8895.81,8895.82,62802.24,2025-02-05,BOOKED
PAY-000135,PB-INS-000135,CUST-0016,GLOBALPAY_US,PARTNER_B,LOCAL_BANK_TRANSFER,2025-01-24T00:34:00Z,2025-01-23,USD,9941.12,CNY,7.059755,39.79,9901.33,9901.33,69900.96,2025-02-05,BOOKED
PAY-000136,PA-INS-000136,CUST-0005,GLOBALPAY_US,PARTNER_A,LOCAL_BANK_TRANSFER,2025-01-24T00:49:00Z,2025-01-23,USD,6125.52,CNY,7.059755,36.75,6088.77,6088.77,42985.22,2025-01-27,BOOKED
PAY-000137,PB-INS-000137,CUST-0007,GLOBALPAY_US,PARTNER_B,LOCAL_BANK_TRANSFER,2025-01-24T13:44:00Z,2025-01-24,USD,3844.79,CNY,7.080834,18.46,3826.33,3826.34,27093.61,2025-02-05,BOOKED
PAY-000138,PB-INS-000138,CUST-0010,GLOBALPAY_US,PARTNER_B,LOCAL_BANK_TRANSFER,2025-01-24T14:21:00Z,2025-01-24,USD,3508.80,CNY,7.087994,17.28,3491.52,3491.52,24747.87,2025-02-05,BOOKED
PAY-000139,PB-INS-000139,CUST-0016,GLOBALPAY_US,PARTNER_B,SWIFT,2025-01-24T14:34:00Z,2025-01-24,USD,10557.15,CNY,7.087994,41.95,10515.20,10515.20,74531.67,2025-02-05,BOOKED
PAY-000140,PB-INS-000140,CUST-0011,GLOBALPAY_US,PARTNER_B,LOCAL_BANK_TRANSFER,2025-01-24T15:12:00Z,2025-01-24,USD,9536.30,CNY,7.087647,38.38,9497.92,9497.92,67317.90,2025-02-05,BOOKED
PAY-000141,PB-INS-000141,CUST-0011,GLOBALPAY_US,PARTNER_B,LOCAL_BANK_TRANSFER,2025-01-24T16:18:00Z,2025-01-24,USD,2775.22,CNY,7.080237,14.71,2760.51,2760.52,19545.07,2025-02-05,BOOKED
PAY-000142,PB-INS-000142,CUST-0024,GLOBALPAY_US,PARTNER_B,LOCAL_BANK_TRANSFER,2025-01-24T18:03:00Z,2025-01-24,USD,2679.59,CNY,7.078596,14.38,2665.21,2665.21,18865.94,2025-02-05,BOOKED
PAY-000143,PB-INS-000143,CUST-0004,GLOBALPAY_US,PARTNER_B,LOCAL_BANK_TRANSFER,2025-01-24T20:44:00Z,2025-01-24,USD,2704.29,CNY,7.073826,14.47,2689.82,2689.83,19027.32,2025-02-06,BOOKED
PAY-000144,PB-INS-000144,CUST-0021,GLOBALPAY_US,PARTNER_B,LOCAL_BANK_TRANSFER,2025-01-24T21:08:00Z,2025-01-24,USD,9716.17,CNY,7.072909,39.01,9677.16,9677.16,68445.67,2025-02-06,BOOKED
PAY-000145,PB-INS-000145,CUST-0009,GLOBALPAY_US,PARTNER_B,LOCAL_BANK_TRANSFER,2025-01-24T23:47:00Z,2025-01-24,USD,3176.12,CNY,7.067285,16.12,3160.00,3160.00,22332.62,2025-02-06,BOOKED
PAY-000146,PB-INS-000146,CUST-0019,GLOBALPAY_US,PARTNER_B,LOCAL_BANK_TRANSFER,2025-01-27T13:46:00Z,2025-01-27,USD,3015.51,CNY,7.066541,15.55,2999.96,2999.96,21199.34,2025-02-06,BOOKED
PAY-000147,PB-INS-000147,CUST-0011,GLOBALPAY_US,PARTNER_B,LOCAL_BANK_TRANSFER,2025-01-27T14:55:00Z,2025-01-27,USD,2124.99,CNY,7.068343,12.44,2112.55,2112.56,14932.23,2025-02-06,BOOKED
PAY-000148,PA-INS-000148,CUST-0012,GLOBALPAY_US,PARTNER_A,SWIFT,2025-01-27T18:29:00Z,2025-01-27,USD,4405.25,CNY,7.056736,26.43,4378.82,4378.83,30900.18,2025-02-05,BOOKED
PAY-000149,PB-INS-000149,CUST-0011,GLOBALPAY_US,PARTNER_B,LOCAL_BANK_TRANSFER,2025-01-27T18:38:00Z,2025-01-27,USD,9878.46,CNY,7.056736,39.57,9838.89,9838.90,69430.45,2025-02-06,BOOKED
PAY-000150,PB-INS-000150,CUST-0023,GLOBALPAY_US,PARTNER_B,LOCAL_BANK_TRANSFER,2025-01-27T20:51:00Z,2025-01-27,USD,7299.79,CNY,7.060299,30.55,7269.24,7269.25,51323.01,2025-02-07,BOOKED
PAY-000151,PA-INS-000151,CUST-0006,GLOBALPAY_US,PARTNER_A,LOCAL_BANK_TRANSFER,2025-01-27T21:43:00Z,2025-01-27,USD,10828.58,CNY,7.060818,64.97,10763.61,10763.61,75999.89,2025-02-06,BOOKED
PAY-000152,PB-INS-000152,CUST-0001,GLOBALPAY_US,PARTNER_B,LOCAL_BANK_TRANSFER,2025-01-27T23:13:00Z,2025-01-27,USD,1494.91,CNY,7.073783,10.23,1484.68,1484.68,10502.30,2025-02-07,BOOKED
PAY-000153,PA-INS-000153,CUST-0008,GLOBALPAY_US,PARTNER_A,LOCAL_BANK_TRANSFER,2025-01-27T23:22:00Z,2025-01-27,USD,3730.21,CNY,7.073783,22.38,3707.83,3707.83,26228.38,2025-02-06,BOOKED
PAY-000154,PA-INS-000154,CUST-0013,GLOBALPAY_US,PARTNER_A,LOCAL_BANK_TRANSFER,2025-02-05T13:16:00Z,2025-02-05,USD,1323.60,CNY,7.091953,7.94,1315.66,1315.67,9330.60,2025-02-06,BOOKED
PAY-000155,PB-INS-000155,CUST-0003,GLOBALPAY_US,PARTNER_B,LOCAL_BANK_TRANSFER,2025-02-05T15:52:00Z,2025-02-05,USD,5280.08,CNY,7.085996,23.48,5256.60,5256.61,37248.25,2025-02-07,BOOKED
PAY-000156,PA-INS-000156,CUST-0022,GLOBALPAY_US,PARTNER_A,LOCAL_BANK_TRANSFER,2025-02-05T18:48:00Z,2025-02-05,USD,1091.39,CNY,7.091587,6.55,1084.84,1084.85,7693.24,2025-02-06,BOOKED
PAY-000157,PB-INS-000157,CUST-0021,GLOBALPAY_US,PARTNER_B,LOCAL_BANK_TRANSFER,2025-02-05T21:08:00Z,2025-02-05,USD,5267.30,CNY,7.102827,23.44,5243.86,5243.86,37246.23,2025-02-10,BOOKED
PAY-000158,PB-INS-000158,CUST-0005,GLOBALPAY_US,PARTNER_B,LOCAL_BANK_TRANSFER,2025-02-05T21:30:00Z,2025-02-05,USD,2661.52,CNY,7.102827,14.32,2647.20,2647.20,18802.60,2025-02-10,BOOKED
PAY-000159,PA-INS-000159,CUST-0017,GLOBALPAY_US,PARTNER_A,LOCAL_BANK_TRANSFER,2025-02-06T14:19:00Z,2025-02-06,USD,3274.82,CNY,7.110024,19.65,3255.17,3255.18,23144.34,2025-02-07,BOOKED
PAY-000160,PA-INS-000160,CUST-0008,GLOBALPAY_US,PARTNER_A,LOCAL_BANK_TRANSFER,2025-02-06T15:19:00Z,2025-02-06,USD,4966.67,CNY,7.110463,29.80,4936.87,4936.87,35103.43,2025-02-07,BOOKED
PAY-000161,PB-INS-000161,CUST-0011,GLOBALPAY_US,PARTNER_B,LOCAL_BANK_TRANSFER,2025-02-06T15:19:00Z,2025-02-06,USD,3088.77,CNY,7.110463,15.81,3072.96,3072.97,21850.17,2025-02-10,BOOKED
PAY-000162,PA-INS-000162,CUST-0011,GLOBALPAY_US,PARTNER_A,LOCAL_BANK_TRANSFER,2025-02-06T15:42:00Z,2025-02-06,USD,19138.98,CNY,7.110463,114.83,19024.15,19024.15,135270.51,2025-02-07,BOOKED
PAY-000163,PB-INS-000163,CUST-0011,GLOBALPAY_US,PARTNER_B,LOCAL_BANK_TRANSFER,2025-02-06T15:56:00Z,2025-02-06,USD,4362.00,CNY,7.110463,20.27,4341.73,4341.73,30871.71,2025-02-10,BOOKED
PAY-000164,PA-INS-000164,CUST-0003,GLOBALPAY_US,PARTNER_A,LOCAL_BANK_TRANSFER,2025-02-06T20:51:00Z,2025-02-06,USD,7200.83,CNY,7.113711,43.20,7157.63,7157.63,50917.31,2025-02-07,BOOKED
PAY-000165,PB-INS-000165,CUST-0016,GLOBALPAY_US,PARTNER_B,LOCAL_BANK_TRANSFER,2025-02-06T21:48:00Z,2025-02-06,USD,17453.36,CNY,7.114023,66.09,17387.27,17387.28,123693.44,2025-02-11,BOOKED
PAY-000166,PB-INS-000166,CUST-0003,GLOBALPAY_US,PARTNER_B,LOCAL_BANK_TRANSFER,2025-02-06T22:14:00Z,2025-02-06,USD,5373.59,CNY,7.114660,23.81,5349.78,5349.79,38061.87,2025-02-11,BOOKED
PAY-000167,PA-INS-000167,CUST-0024,GLOBALPAY_US,PARTNER_A,SWIFT,2025-02-06T22:34:00Z,2025-02-06,USD,12342.39,CNY,7.114660,74.05,12268.34,12268.35,87285.07,2025-02-10,BOOKED
PAY-000168,PA-INS-000168,CUST-0005,GLOBALPAY_US,PARTNER_A,LOCAL_BANK_TRANSFER,2025-02-06T22:43:00Z,2025-02-06,USD,2670.50,CNY,7.114660,16.02,2654.48,2654.48,18885.72,2025-02-10,BOOKED
PAY-000169,PB-INS-000169,CUST-0006,GLOBALPAY_US,PARTNER_B,SWIFT,2025-02-06T23:24:00Z,2025-02-06,USD,6876.28,CNY,7.120080,29.07,6847.21,6847.21,48752.68,2025-02-11,BOOKED
PAY-000170,PA-INS-000170,CUST-0023,GLOBALPAY_US,PARTNER_A,SWIFT,2025-02-07T13:03:00Z,2025-02-07,USD,9611.23,CNY,7.124941,57.67,9553.56,9553.56,68068.55,2025-02-10,BOOKED
PAY-000171,PA-INS-000171,CUST-0021,GLOBALPAY_US,PARTNER_A,LOCAL_BANK_TRANSFER,2025-02-07T13:27:00Z,2025-02-07,USD,11098.16,CNY,7.124941,66.59,11031.57,11031.58,78599.29,2025-02-10,BOOKED
PAY-000172,PA-INS-000172,CUST-0023,GLOBALPAY_US,PARTNER_A,LOCAL_BANK_TRANSFER,2025-02-07T14:26:00Z,2025-02-07,USD,5009.13,CNY,7.127054,30.05,4979.08,4979.08,35486.17,2025-02-10,BOOKED
PAY-000173,PB-INS-000173,CUST-0015,GLOBALPAY_US,PARTNER_B,LOCAL_BANK_TRANSFER,2025-02-07T19:06:00Z,2025-02-07,USD,3692.16,CNY,7.128765,17.92,3674.24,3674.24,26192.79,2025-02-12,BOOKED
PAY-000174,PB-INS-000174,CUST-0011,GLOBALPAY_US,PARTNER_B,LOCAL_BANK_TRANSFER,2025-02-07T21:45:00Z,2025-02-07,USD,1789.13,CNY,7.131696,11.26,1777.87,1777.88,12679.23,2025-02-12,BOOKED
PAY-000175,PA-INS-000175,CUST-0002,GLOBALPAY_US,PARTNER_A,LOCAL_BANK_TRANSFER,2025-02-07T22:45:00Z,2025-02-07,USD,5439.13,CNY,7.128397,32.63,5406.50,5406.51,38539.68,2025-02-11,BOOKED
PAY-000176,PA-INS-000176,CUST-0025,GLOBALPAY_US,PARTNER_A,LOCAL_BANK_TRANSFER,2025-02-07T23:01:00Z,2025-02-07,USD,2479.03,CNY,7.132171,14.87,2464.16,2464.16,17574.81,2025-02-11,BOOKED
PAY-000177,PA-INS-000177,CUST-0010,GLOBALPAY_US,PARTNER_A,SWIFT,2025-02-10T13:17:00Z,2025-02-10,USD,11409.67,CNY,7.146992,68.46,11341.21,11341.22,81055.54,2025-02-11,BOOKED
PAY-000178,PB-INS-000178,CUST-0001,GLOBALPAY_US,PARTNER_B,LOCAL_BANK_TRANSFER,2025-02-10T13:48:00Z,2025-02-10,USD,3842.73,CNY,7.146992,18.45,3824.28,3824.29,27332.10,2025-02-12,BOOKED
PAY-000179,PA-INS-000179,CUST-0020,GLOBALPAY_US,PARTNER_A,LOCAL_BANK_TRANSFER,2025-02-10T14:00:00Z,2025-02-10,USD,11556.26,CNY,7.142534,69.34,11486.92,11486.93,82045.72,2025-02-11,BOOKED
PAY-000180,PB-INS-000180,CUST-0003,GLOBALPAY_US,PARTNER_B,LOCAL_BANK_TRANSFER,2025-02-10T15:46:00Z,2025-02-10,USD,4402.66,CNY,7.140503,20.41,4382.25,4382.26,31291.47,2025-02-12,BOOKED
PAY-000181,PB-INS-000181,CUST-0011,GLOBALPAY_US,PARTNER_B,LOCAL_BANK_TRANSFER,2025-02-10T17:26:00Z,2025-02-10,USD,18901.73,CNY,7.136704,71.16,18830.57,18830.57,134388.20,2025-02-12,BOOKED
PAY-000182,PB-INS-000182,CUST-0007,GLOBALPAY_US,PARTNER_B,SWIFT,2025-02-10T19:15:00Z,2025-02-10,USD,2871.07,CNY,7.127980,15.05,2856.02,2856.02,20357.65,2025-02-13,BOOKED
PAY-000183,PA-INS-000183,CUST-0006,GLOBALPAY_US,PARTNER_A,LOCAL_BANK_TRANSFER,2025-02-10T19:24:00Z,2025-02-10,USD,4861.14,CNY,7.127980,29.17,4831.97,4831.98,34442.19,2025-02-11,BOOKED
PAY-000184,PA-INS-000184,CUST-0019,GLOBALPAY_US,PARTNER_A,LOCAL_BANK_TRANSFER,2025-02-10T23:04:00Z,2025-02-10,USD,4213.57,CNY,7.138344,25.28,4188.29,4188.29,29897.45,2025-02-12,BOOKED
PAY-000185,PB-INS-000185,CUST-0017,GLOBALPAY_US,PARTNER_B,LOCAL_BANK_TRANSFER,2025-02-10T23:39:00Z,2025-02-10,USD,5187.82,CNY,7.138344,23.16,5164.66,5164.67,36867.12,2025-02-13,BOOKED
PAY-000186,PB-INS-000186,CUST-0009,GLOBALPAY_US,PARTNER_B,LOCAL_BANK_TRANSFER,2025-02-10T23:54:00Z,2025-02-10,USD,3149.92,CNY,7.138344,16.02,3133.90,3133.91,22370.86,2025-02-13,BOOKED
PAY-000187,PB-INS-000187,CUST-0015,GLOBALPAY_US,PARTNER_B,LOCAL_BANK_TRANSFER,2025-02-11T00:29:00Z,2025-02-10,USD,809.06,CNY,7.139814,7.83,801.23,801.23,5720.63,2025-02-13,BOOKED
PAY-000188,PA-INS-000188,CUST-0001,GLOBALPAY_US,PARTNER_A,LOCAL_BANK_TRANSFER,2025-02-11T14:08:00Z,2025-02-11,USD,21305.83,CNY,7.156469,127.83,21178.00,21178.00,151559.70,2025-02-12,BOOKED
PAY-000189,PA-INS-000189,CUST-0025,GLOBALPAY_US,PARTNER_A,LOCAL_BANK_TRANSFER,2025-02-11T14:33:00Z,2025-02-11,USD,2535.71,CNY,7.156469,15.21,2520.50,2520.50,18037.88,2025-02-12,BOOKED
PAY-000190,PA-INS-000190,CUST-0001,GLOBALPAY_US,PARTNER_A,LOCAL_BANK_TRANSFER,2025-02-11T18:42:00Z,2025-02-11,USD,3254.76,CNY,7.161267,19.53,3235.23,3235.24,23168.35,2025-02-12,BOOKED
PAY-000191,PB-INS-000191,CUST-0003,GLOBALPAY_US,PARTNER_B,LOCAL_BANK_TRANSFER,2025-02-11T20:19:00Z,2025-02-11,USD,3695.82,CNY,7.165953,17.94,3677.88,3677.89,26355.52,2025-02-14,BOOKED
PAY-000192,PA-INS-000192,CUST-0002,GLOBALPAY_US,PARTNER_A,LOCAL_BANK_TRANSFER,2025-02-11T20:46:00Z,2025-02-11,USD,3865.10,CNY,7.165953,23.19,3841.91,3841.92,27530.95,2025-02-12,BOOKED
PAY-000193,PA-INS-000193,CUST-0005,GLOBALPAY_US,PARTNER_A,LOCAL_BANK_TRANSFER,2025-02-12T13:50:00Z,2025-02-12,USD,11893.18,CNY,7.157076,71.36,11821.82,11821.82,84609.66,2025-02-13,BOOKED
PAY-000194,PB-INS-000194,CUST-0002,GLOBALPAY_US,PARTNER_B,LOCAL_BANK_TRANSFER,2025-02-12T15:39:00Z,2025-02-12,USD,4271.32,CNY,7.150429,19.95,4251.37,4251.38,30399.12,2025-02-14,BOOKED
PAY-000195,PA-INS-000195,CUST-0001,GLOBALPAY_US,PARTNER_A,SWIFT,2025-02-12T16:44:00Z,2025-02-12,USD,1987.85,CNY,7.146530,11.93,1975.92,1975.92,14120.97,2025-02-13,BOOKED
PAY-000196,PB-INS-000196,CUST-0018,GLOBALPAY_US,PARTNER_B,LOCAL_BANK_TRANSFER,2025-02-12T18:21:00Z,2025-02-12,USD,2937.01,CNY,7.139781,15.28,2921.73,2921.73,20860.51,2025-02-14,BOOKED
PAY-000197,PA-INS-000197,CUST-0007,GLOBALPAY_US,PARTNER_A,LOCAL_BANK_TRANSFER,2025-02-12T21:22:00Z,2025-02-12,USD,1486.33,CNY,7.143095,8.92,1477.41,1477.42,10553.28,2025-02-14,BOOKED
PAY-000198,PB-INS-000198,CUST-0018,GLOBALPAY_US,PARTNER_B,LOCAL_BANK_TRANSFER,2025-02-12T23:08:00Z,2025-02-12,USD,47480.20,CNY,7.137712,171.18,47309.02,47309.03,337678.16,2025-02-18,BOOKED
PAY-000199,PB-INS-000199,CUST-0005,GLOBALPAY_US,PARTNER_B,LOCAL_BANK_TRANSFER,2025-02-13T14:15:00Z,2025-02-13,USD,10010.66,CNY,7.151441,40.04,9970.62,9970.62,71304.30,2025-02-18,BOOKED
PAY-000200,PA-INS-000200,CUST-0016,GLOBALPAY_US,PARTNER_A,LOCAL_BANK_TRANSFER,2025-02-13T14:25:00Z,2025-02-13,USD,3384.29,CNY,7.151441,20.31,3363.98,3363.98,24057.30,2025-02-14,BOOKED
PAY-000201,PB-INS-000201,CUST-0008,GLOBALPAY_US,PARTNER_B,LOCAL_BANK_TRANSFER,2025-02-13T14:58:00Z,2025-02-13,USD,3045.56,CNY,7.151441,15.66,3029.90,3029.90,21668.15,2025-02-18,BOOKED
PAY-000202,PB-INS-000202,CUST-0015,GLOBALPAY_US,PARTNER_B,LOCAL_BANK_TRANSFER,2025-02-13T15:15:00Z,2025-02-13,USD,3178.99,CNY,7.151279,16.13,3162.86,3162.86,22618.49,2025-02-18,BOOKED
PAY-000203,PA-INS-000203,CUST-0010,GLOBALPAY_US,PARTNER_A,SWIFT,2025-02-13T17:27:00Z,2025-02-13,USD,3724.40,CNY,7.149211,22.35,3702.05,3702.06,26466.74,2025-02-14,BOOKED
PAY-000204,PA-INS-000204,CUST-0017,GLOBALPAY_US,PARTNER_A,LOCAL_BANK_TRANSFER,2025-02-13T18:47:00Z,2025-02-13,USD,1450.33,CNY,7.149865,8.70,1441.63,1441.64,10307.46,2025-02-14,BOOKED
PAY-000205,PB-INS-000205,CUST-0021,GLOBALPAY_US,PARTNER_B,LOCAL_BANK_TRANSFER,2025-02-13T20:12:00Z,2025-02-13,USD,3808.03,CNY,7.155155,18.33,3789.70,3789.70,27115.89,2025-02-19,BOOKED
PAY-000206,PA-INS-000206,CUST-0010,GLOBALPAY_US,PARTNER_A,SWIFT,2025-02-13T22:00:00Z,2025-02-13,USD,6432.52,CNY,7.149929,38.60,6393.92,6393.92,45716.07,2025-02-18,BOOKED
PAY-000207,PB-INS-000207,CUST-0009,GLOBALPAY_US,PARTNER_B,LOCAL_BANK_TRANSFER,2025-02-13T22:36:00Z,2025-02-13,USD,1073.75,CNY,7.149929,8.76,1064.99,1064.99,7614.60,2025-02-19,BOOKED
PAY-000208,PA-INS-000208,CUST-0014,GLOBALPAY_US,PARTNER_A,LOCAL_BANK_TRANSFER,2025-02-14T15:51:00Z,2025-02-14,USD,8178.39,CNY,7.157107,49.07,8129.32,8129.32,58182.41,2025-02-18,BOOKED
PAY-000209,PB-INS-000209,CUST-0024,GLOBALPAY_US,PARTNER_B,LOCAL_BANK_TRANSFER,2025-02-14T17:33:00Z,2025-02-14,USD,6158.49,CNY,7.161163,26.55,6131.94,6131.94,43911.82,2025-02-19,BOOKED
PAY-000210,PA-INS-000210,CUST-0022,GLOBALPAY_US,PARTNER_A,LOCAL_BANK_TRANSFER,2025-02-14T18:42:00Z,2025-02-14,USD,1472.57,CNY,7.161250,8.84,1463.73,1463.74,10482.14,2025-02-18,BOOKED
PAY-000211,PB-INS-000211,CUST-0001,GLOBALPAY_US,PARTNER_B,LOCAL_BANK_TRANSFER,2025-02-14T19:32:00Z,2025-02-14,USD,12467.11,CNY,7.158971,48.63,12418.48,12418.49,88903.54,2025-02-20,BOOKED
PAY-000212,PB-INS-000212,CUST-0021,GLOBALPAY_US,PARTNER_B,LOCAL_BANK_TRANSFER,2025-02-14T19:46:00Z,2025-02-14,USD,13081.62,CNY,7.158971,50.79,13030.83,13030.83,93287.33,2025-02-20,BOOKED
PAY-000213,PA-INS-000213,CUST-0023,GLOBALPAY_US,PARTNER_A,LOCAL_BANK_TRANSFER,2025-02-14T19:57:00Z,2025-02-14,USD,1393.40,CNY,7.158971,8.36,1385.04,1385.04,9915.46,2025-02-18,BOOKED
PAY-000214,PA-INS-000214,CUST-0019,GLOBALPAY_US,PARTNER_A,SWIFT,2025-02-14T20:27:00Z,2025-02-14,USD,2528.73,CNY,7.158850,15.17,2513.56,2513.57,17994.20,2025-02-18,BOOKED
PAY-000215,PA-INS-000215,CUST-0001,GLOBALPAY_US,PARTNER_A,LOCAL_BANK_TRANSFER,2025-02-14T21:09:00Z,2025-02-14,USD,10617.86,CNY,7.159631,63.71,10554.15,10554.16,75563.82,2025-02-19,BOOKED
PAY-000216,PA-INS-000216,CUST-0012,GLOBALPAY_US,PARTNER_A,LOCAL_BANK_TRANSFER,2025-02-14T21:32:00Z,2025-02-14,USD,13115.67,CNY,7.159631,78.69,13036.98,13036.99,93339.97,2025-02-19,BOOKED
PAY-000217,PA-INS-000217,CUST-0015,GLOBALPAY_US,PARTNER_A,LOCAL_BANK_TRANSFER,2025-02-14T22:04:00Z,2025-02-14,USD,2609.53,CNY,7.158645,15.66,2593.87,2593.87,18568.59,2025-02-19,BOOKED
PAY-000218,PA-INS-000218,CUST-0003,GLOBALPAY_US,PARTNER_A,LOCAL_BANK_TRANSFER,2025-02-14T22:27:00Z,2025-02-14,USD,2539.25,CNY,7.158645,15.24,2524.01,2524.01,18068.49,2025-02-19,BOOKED
PAY-000219,PA-INS-000219,CUST-0022,GLOBALPAY_US,PARTNER_A,LOCAL_BANK_TRANSFER,2025-02-15T00:29:00Z,2025-02-14,USD,8545.18,CNY,7.158290,51.27,8493.91,8493.91,60801.87,2025-02-19,BOOKED
PAY-000220,PA-INS-000220,CUST-0018,GLOBALPAY_US,PARTNER_A,LOCAL_BANK_TRANSFER,2025-02-18T14:18:00Z,2025-02-18,USD,1745.87,CNY,7.166260,10.48,1735.39,1735.40,12436.26,2025-02-19,BOOKED
PAY-000221,PA-INS-000221,CUST-0003,GLOBALPAY_US,PARTNER_A,LOCAL_BANK_TRANSFER,2025-02-18T14:24:00Z,2025-02-18,USD,2418.81,CNY,7.166260,14.51,2404.30,2404.31,17229.84,2025-02-19,BOOKED
PAY-000222,PB-INS-000222,CUST-0010,GLOBALPAY_US,PARTNER_B,LOCAL_BANK_TRANSFER,2025-02-18T14:34:00Z,2025-02-18,USD,9404.37,CNY,7.166260,37.92,9366.45,9366.46,67122.42,2025-02-20,BOOKED
PAY-000223,PA-INS-000223,CUST-0007,GLOBALPAY_US,PARTNER_A,LOCAL_BANK_TRANSFER,2025-02-18T15:04:00Z,2025-02-18,USD,7181.65,CNY,7.158913,43.09,7138.56,7138.57,51104.33,2025-02-19,BOOKED
PAY-000224,PB-INS-000224,CUST-0009,GLOBALPAY_US,PARTNER_B,LOCAL_BANK_TRANSFER,2025-02-18T17:08:00Z,2025-02-18,USD,3004.97,CNY,7.162972,15.52,2989.45,2989.46,21413.35,2025-02-20,BOOKED
PAY-000225,PB-INS-000225,CUST-0022,GLOBALPAY_US,PARTNER_B,LOCAL_BANK_TRANSFER,2025-02-18T19:18:00Z,2025-02-18,USD,1240.45,CNY,7.168178,9.34,1231.11,1231.12,8824.82,2025-02-21,BOOKED
PAY-000226,PB-INS-000226,CUST-0004,GLOBALPAY_US,PARTNER_B,LOCAL_BANK_TRANSFER,2025-02-18T20:34:00Z,2025-02-18,USD,13678.92,CNY,7.170485,52.88,13626.04,13626.05,97705.32,2025-02-21,BOOKED
PAY-000227,PB-INS-000227,CUST-0024,GLOBALPAY_US,PARTNER_B,LOCAL_BANK_TRANSFER,2025-02-18T21:04:00Z,2025-02-18,USD,7312.58,CNY,7.171873,30.59,7281.99,7282.00,52225.51,2025-02-21,BOOKED
PAY-000228,PB-INS-000228,CUST-0013,GLOBALPAY_US,PARTNER_B,LOCAL_BANK_TRANSFER,2025-02-18T22:04:00Z,2025-02-18,USD,10212.84,CNY,7.171692,40.74,10172.10,10172.11,72951.17,2025-02-21,BOOKED
PAY-000229,PA-INS-000229,CUST-0020,GLOBALPAY_US,PARTNER_A,SWIFT,2025-02-18T22:31:00Z,2025-02-18,USD,13727.00,CNY,7.171692,82.36,13644.64,13644.65,97855.16,2025-02-20,BOOKED
PAY-000230,PB-INS-000230,CUST-0011,GLOBALPAY_US,PARTNER_B,LOCAL_BANK_TRANSFER,2025-02-18T22:41:00Z,2025-02-18,USD,1747.20,CNY,7.171692,11.12,1736.08,1736.08,12450.63,2025-02-21,BOOKED
PAY-000231,PB-INS-000231,CUST-0024,GLOBALPAY_US,PARTNER_B,SWIFT,2025-02-19T00:36:00Z,2025-02-18,USD,3256.34,CNY,7.172944,16.40,3239.94,3239.95,23239.91,2025-02-21,BOOKED
PAY-000232,PA-INS-000232,CUST-0021,GLOBALPAY_US,PARTNER_A,LOCAL_BANK_TRANSFER,2025-02-19T00:48:00Z,2025-02-18,USD,2525.49,CNY,7.172944,15.15,2510.34,2510.35,18006.53,2025-02-20,BOOKED
PAY-000233,PA-INS-000233,CUST-0001,GLOBALPAY_US,PARTNER_A,LOCAL_BANK_TRANSFER,2025-02-19T13:19:00Z,2025-02-19,USD,24264.49,CNY,7.167825,145.59,24118.90,24118.90,172880.05,2025-02-20,BOOKED
PAY-000234,PB-INS-000234,CUST-0006,GLOBALPAY_US,PARTNER_B,SWIFT,2025-02-19T14:40:00Z,2025-02-19,USD,787.58,CNY,7.172467,7.76,779.82,779.82,5593.23,2025-02-21,BOOKED
PAY-000235,PA-INS-000235,CUST-0003,GLOBALPAY_US,PARTNER_A,LOCAL_BANK_TRANSFER,2025-02-19T15:14:00Z,2025-02-19,USD,1949.85,CNY,7.180656,11.70,1938.15,1938.16,13917.19,2025-02-20,BOOKED
PAY-000236,PA-INS-000236,CUST-0016,GLOBALPAY_US,PARTNER_A,LOCAL_BANK_TRANSFER,2025-02-19T17:23:00Z,2025-02-19,USD,4350.31,CNY,7.175588,26.10,4324.21,4324.22,31028.75,2025-02-20,BOOKED
PAY-000237,PA-INS-000237,CUST-0016,GLOBALPAY_US,PARTNER_A,LOCAL_BANK_TRANSFER,2025-02-19T17:24:00Z,2025-02-19,USD,1152.68,CNY,7.175588,6.92,1145.76,1145.76,8221.50,2025-02-20,BOOKED
PAY-000238,PB-INS-000238,CUST-0004,GLOBALPAY_US,PARTNER_B,LOCAL_BANK_TRANSFER,2025-02-19T18:01:00Z,2025-02-19,USD,16112.19,CNY,7.173053,61.39,16050.80,16050.81,115133.24,2025-02-21,BOOKED
PAY-000239,PB-INS-000239,CUST-0003,GLOBALPAY_US,PARTNER_B,SWIFT,2025-02-19T20:53:00Z,2025-02-19,USD,13199.96,CNY,7.170476,51.20,13148.76,13148.77,94282.87,2025-02-24,BOOKED
PAY-000240,PB-INS-000240,CUST-0010,GLOBALPAY_US,PARTNER_B,SWIFT,2025-02-19T21:09:00Z,2025-02-19,USD,4194.20,CNY,7.174173,19.68,4174.52,4174.53,29948.73,2025-02-24,BOOKED
PAY-000241,PB-INS-000241,CUST-0022,GLOBALPAY_US,PARTNER_B,LOCAL_BANK_TRANSFER,2025-02-19T22:59:00Z,2025-02-19,USD,3025.16,CNY,7.179659,15.59,3009.57,3009.58,21607.69,2025-02-24,BOOKED
PAY-000242,PA-INS-000242,CUST-0003,GLOBALPAY_US,PARTNER_A,LOCAL_BANK_TRANSFER,2025-02-19T23:04:00Z,2025-02-19,USD,17899.44,CNY,7.183090,107.40,17792.04,17792.04,127801.82,2025-02-21,BOOKED
PAY-000243,PB-INS-000243,CUST-0021,GLOBALPAY_US,PARTNER_B,LOCAL_BANK_TRANSFER,2025-02-20T13:44:00Z,2025-02-20,USD,2027.90,CNY,7.167155,12.10,2015.80,2015.80,14447.55,2025-02-24,BOOKED
PAY-000244,PA-INS-000244,CUST-0013,GLOBALPAY_US,PARTNER_A,LOCAL_BANK_TRANSFER,2025-02-20T13:55:00Z,2025-02-20,USD,14122.12,CNY,7.167155,84.73,14037.39,14037.40,100608.15,2025-02-21,BOOKED
PAY-000245,PB-INS-000245,CUST-0003,GLOBALPAY_US,PARTNER_B,LOCAL_BANK_TRANSFER,2025-02-20T17:56:00Z,2025-02-20,USD,2262.52,CNY,7.175434,12.92,2249.60,2249.61,16141.86,2025-02-24,BOOKED
PAY-000246,PA-INS-000246,CUST-0024,GLOBALPAY_US,PARTNER_A,LOCAL_BANK_TRANSFER,2025-02-20T19:48:00Z,2025-02-20,USD,7736.52,CNY,7.178337,46.42,7690.10,7690.11,55202.13,2025-02-21,BOOKED
PAY-000247,PA-INS-000247,CUST-0023,GLOBALPAY_US,PARTNER_A,LOCAL_BANK_TRANSFER,2025-02-20T19:55:00Z,2025-02-20,USD,3702.55,CNY,7.178337,22.22,3680.33,3680.34,26418.65,2025-02-21,BOOKED
PAY-000248,PA-INS-000248,CUST-0010,GLOBALPAY_US,PARTNER_A,LOCAL_BANK_TRANSFER,2025-02-21T00:48:00Z,2025-02-20,USD,8112.19,CNY,7.190219,48.67,8063.52,8063.52,57978.47,2025-02-24,BOOKED
PAY-000249,PA-INS-000249,CUST-0018,GLOBALPAY_US,PARTNER_A,LOCAL_BANK_TRANSFER,2025-02-21T13:52:00Z,2025-02-21,USD,14458.49,CNY,7.185741,86.75,14371.74,14371.74,103271.60,2025-02-24,BOOKED
PAY-000250,PA-INS-000250,CUST-0025,GLOBALPAY_US,PARTNER_A,SWIFT,2025-02-21T14:23:00Z,2025-02-21,USD,2608.18,CNY,7.186543,15.65,2592.53,2592.54,18631.33,2025-02-24,BOOKED
PAY-000251,PB-INS-000251,CUST-0008,GLOBALPAY_US,PARTNER_B,LOCAL_BANK_TRANSFER,2025-02-21T15:22:00Z,2025-02-21,USD,4236.93,CNY,7.184583,19.83,4217.10,4217.10,30298.10,2025-02-25,BOOKED
PAY-000252,PA-INS-000252,CUST-0022,GLOBALPAY_US,PARTNER_A,LOCAL_BANK_TRANSFER,2025-02-21T16:08:00Z,2025-02-21,USD,11263.94,CNY,7.182768,67.58,11196.36,11196.37,80420.86,2025-02-24,BOOKED
PAY-000253,PA-INS-000253,CUST-0016,GLOBALPAY_US,PARTNER_A,LOCAL_BANK_TRANSFER,2025-02-21T16:39:00Z,2025-02-21,USD,11535.38,CNY,7.182768,69.21,11466.17,11466.18,82358.84,2025-02-24,BOOKED
PAY-000254,PB-INS-000254,CUST-0024,GLOBALPAY_US,PARTNER_B,LOCAL_BANK_TRANSFER,2025-02-21T16:49:00Z,2025-02-21,USD,4882.42,CNY,7.182768,22.09,4860.33,4860.33,34910.62,2025-02-25,BOOKED
PAY-000255,PB-INS-000255,CUST-0025,GLOBALPAY_US,PARTNER_B,LOCAL_BANK_TRANSFER,2025-02-21T17:43:00Z,2025-02-21,USD,2654.00,CNY,7.182011,14.29,2639.71,2639.72,18958.43,2025-02-25,BOOKED
PAY-000256,PA-INS-000256,CUST-0005,GLOBALPAY_US,PARTNER_A,LOCAL_BANK_TRANSFER,2025-02-21T23:21:00Z,2025-02-21,USD,10074.44,CNY,7.183530,60.45,10013.99,10014.00,71935.80,2025-02-25,BOOKED
PAY-000257,PB-INS-000257,CUST-0020,GLOBALPAY_US,PARTNER_B,LOCAL_BANK_TRANSFER,2025-02-24T14:34:00Z,2025-02-24,USD,6031.45,CNY,7.178087,26.11,6005.34,6005.34,43106.85,2025-02-26,BOOKED
PAY-000258,PA-INS-000258,CUST-0002,GLOBALPAY_US,PARTNER_A,LOCAL_BANK_TRANSFER,2025-02-24T16:01:00Z,2025-02-24,USD,4404.78,CNY,7.181455,26.43,4378.35,4378.35,31442.92,2025-02-25,BOOKED
PAY-000259,PB-INS-000259,CUST-0015,GLOBALPAY_US,PARTNER_B,LOCAL_BANK_TRANSFER,2025-02-24T16:48:00Z,2025-02-24,USD,9602.45,CNY,7.181455,38.61,9563.84,9563.85,68682.29,2025-02-26,BOOKED
PAY-000260,PA-INS-000260,CUST-0004,GLOBALPAY_US,PARTNER_A,SWIFT,2025-02-24T17:51:00Z,2025-02-24,USD,10873.95,CNY,7.184290,65.24,10808.71,10808.72,77652.91,2025-02-25,BOOKED
PAY-000261,PA-INS-000261,CUST-0022,GLOBALPAY_US,PARTNER_A,LOCAL_BANK_TRANSFER,2025-02-24T19:59:00Z,2025-02-24,USD,1924.87,CNY,7.177654,11.55,1913.32,1913.33,13733.15,2025-02-25,BOOKED
PAY-000262,PB-INS-000262,CUST-0010,GLOBALPAY_US,PARTNER_B,LOCAL_BANK_TRANSFER,2025-02-24T20:18:00Z,2025-02-24,USD,2496.17,CNY,7.174978,13.74,2482.43,2482.43,17811.38,2025-02-27,BOOKED
PAY-000263,PB-INS-000263,CUST-0024,GLOBALPAY_US,PARTNER_B,LOCAL_BANK_TRANSFER,2025-02-24T21:42:00Z,2025-02-24,USD,1124.87,CNY,7.176337,8.94,1115.93,1115.94,8008.29,2025-02-27,BOOKED
PAY-000264,PA-INS-000264,CUST-0013,GLOBALPAY_US,PARTNER_A,LOCAL_BANK_TRANSFER,2025-02-24T22:31:00Z,2025-02-24,USD,6096.10,CNY,7.177719,36.58,6059.52,6059.52,43493.53,2025-02-26,BOOKED
PAY-000265,PB-INS-000265,CUST-0015,GLOBALPAY_US,PARTNER_B,SWIFT,2025-02-25T00:14:00Z,2025-02-24,USD,3014.83,CNY,7.184887,15.55,2999.28,2999.29,21549.49,2025-02-27,BOOKED
PAY-000266,PA-INS-000266,CUST-0009,GLOBALPAY_US,PARTNER_A,LOCAL_BANK_TRANSFER,2025-02-25T00:22:00Z,2025-02-24,USD,2055.80,CNY,7.184887,12.33,2043.47,2043.47,14682.10,2025-02-26,BOOKED
PAY-000267,PA-INS-000267,CUST-0015,GLOBALPAY_US,PARTNER_A,SWIFT,2025-02-25T15:04:00Z,2025-02-25,USD,4973.62,CNY,7.189785,29.84,4943.78,4943.79,35544.72,2025-02-26,BOOKED
PAY-000268,PB-INS-000268,CUST-0024,GLOBALPAY_US,PARTNER_B,SWIFT,2025-02-25T16:35:00Z,2025-02-25,USD,2594.11,CNY,7.193523,14.08,2580.03,2580.04,18559.51,2025-02-27,BOOKED
PAY-000269,PA-INS-000269,CUST-0020,GLOBALPAY_US,PARTNER_A,LOCAL_BANK_TRANSFER,2025-02-25T20:25:00Z,2025-02-25,USD,7013.65,CNY,7.197041,42.08,6971.57,6971.58,50174.68,2025-02-26,BOOKED
PAY-000270,PB-INS-000270,CUST-0004,GLOBALPAY_US,PARTNER_B,LOCAL_BANK_TRANSFER,2025-02-25T22:57:00Z,2025-02-25,USD,3963.03,CNY,7.202013,18.87,3944.16,3944.16,28405.89,2025-02-28,BOOKED
PAY-000271,PB-INS-000271,CUST-0008,GLOBALPAY_US,PARTNER_B,LOCAL_BANK_TRANSFER,2025-02-26T00:22:00Z,2025-02-25,USD,6019.44,CNY,7.201639,26.07,5993.37,5993.38,43162.09,2025-02-28,BOOKED
PAY-000272,PB-INS-000272,CUST-0004,GLOBALPAY_US,PARTNER_B,LOCAL_BANK_TRANSFER,2025-02-26T14:09:00Z,2025-02-26,USD,12827.12,CNY,7.207824,49.89,12777.23,12777.24,92096.03,2025-02-28,BOOKED
PAY-000273,PA-INS-000273,CUST-0022,GLOBALPAY_US,PARTNER_A,LOCAL_BANK_TRANSFER,2025-02-26T18:09:00Z,2025-02-26,USD,5186.59,CNY,7.199265,31.12,5155.47,5155.47,37115.59,2025-02-27,BOOKED
PAY-000274,PA-INS-000274,CUST-0016,GLOBALPAY_US,PARTNER_A,LOCAL_BANK_TRANSFER,2025-02-26T18:35:00Z,2025-02-26,USD,3784.82,CNY,7.199265,22.71,3762.11,3762.12,27084.43,2025-02-27,BOOKED
PAY-000275,PB-INS-000275,CUST-0012,GLOBALPAY_US,PARTNER_B,SWIFT,2025-02-26T19:27:00Z,2025-02-26,USD,3897.12,CNY,7.199526,18.64,3878.48,3878.49,27923.22,2025-03-03,BOOKED
PAY-000276,PB-INS-000276,CUST-0024,GLOBALPAY_US,PARTNER_B,SWIFT,2025-02-26T21:29:00Z,2025-02-26,USD,2630.49,CNY,7.198945,14.21,2616.28,2616.29,18834.46,2025-03-03,BOOKED
PAY-000277,PB-INS-000277,CUST-0020,GLOBALPAY_US,PARTNER_B,LOCAL_BANK_TRANSFER,2025-02-27T14:31:00Z,2025-02-27,USD,4021.88,CNY,7.203175,19.08,4002.80,4002.81,28832.87,2025-03-03,BOOKED
PAY-000278,PA-INS-000278,CUST-0023,GLOBALPAY_US,PARTNER_A,LOCAL_BANK_TRANSFER,2025-02-27T15:02:00Z,2025-02-27,USD,4610.13,CNY,7.212153,27.66,4582.47,4582.47,33049.47,2025-02-28,BOOKED
PAY-000279,PA-INS-000279,CUST-0017,GLOBALPAY_US,PARTNER_A,LOCAL_BANK_TRANSFER,2025-02-27T16:49:00Z,2025-02-27,USD,5449.13,CNY,7.216076,32.69,5416.44,5416.44,39085.44,2025-02-28,BOOKED
PAY-000280,PA-INS-000280,CUST-0006,GLOBALPAY_US,PARTNER_A,LOCAL_BANK_TRANSFER,2025-02-27T16:51:00Z,2025-02-27,USD,3017.11,CNY,7.216076,18.10,2999.01,2999.01,21641.08,2025-02-28,BOOKED
PAY-000281,PA-INS-000281,CUST-0018,GLOBALPAY_US,PARTNER_A,SWIFT,2025-02-27T17:29:00Z,2025-02-27,USD,2024.91,CNY,7.214717,12.15,2012.76,2012.76,14521.49,2025-02-28,BOOKED
PAY-000282,PB-INS-000282,CUST-0001,GLOBALPAY_US,PARTNER_B,LOCAL_BANK_TRANSFER,2025-02-27T18:26:00Z,2025-02-27,USD,5496.75,CNY,7.209393,24.24,5472.51,5472.52,39453.48,2025-03-03,BOOKED
PAY-000283,PA-INS-000283,CUST-0015,GLOBALPAY_US,PARTNER_A,LOCAL_BANK_TRANSFER,2025-02-27T18:50:00Z,2025-02-27,USD,2490.98,CNY,7.209393,14.95,2476.03,2476.03,17850.67,2025-02-28,BOOKED
PAY-000284,PA-INS-000284,CUST-0019,GLOBALPAY_US,PARTNER_A,LOCAL_BANK_TRANSFER,2025-02-27T20:39:00Z,2025-02-27,USD,975.93,CNY,7.209659,5.86,970.07,970.07,6993.87,2025-02-28,BOOKED
PAY-000285,PA-INS-000285,CUST-0017,GLOBALPAY_US,PARTNER_A,LOCAL_BANK_TRANSFER,2025-02-27T21:11:00Z,2025-02-27,USD,35255.00,CNY,7.209573,211.53,35043.47,35043.48,252648.46,2025-03-03,BOOKED
PAY-000286,PB-INS-000286,CUST-0024,GLOBALPAY_US,PARTNER_B,SWIFT,2025-02-27T21:28:00Z,2025-02-27,USD,7896.43,CNY,7.209573,32.64,7863.79,7863.80,56694.57,2025-03-04,BOOKED
PAY-000287,PA-INS-000287,CUST-0004,GLOBALPAY_US,PARTNER_A,LOCAL_BANK_TRANSFER,2025-02-27T21:30:00Z,2025-02-27,USD,1783.33,CNY,7.209573,10.70,1772.63,1772.64,12779.91,2025-03-03,BOOKED
PAY-000288,PA-INS-000288,CUST-0001,GLOBALPAY_US,PARTNER_A,LOCAL_BANK_TRANSFER,2025-02-27T21:49:00Z,2025-02-27,USD,5075.31,CNY,7.209573,30.45,5044.86,5044.87,36371.29,2025-03-03,BOOKED
PAY-000289,PB-INS-000289,CUST-0005,GLOBALPAY_US,PARTNER_B,LOCAL_BANK_TRANSFER,2025-02-27T23:23:00Z,2025-02-27,USD,31741.05,CNY,7.206578,116.09,31624.96,31624.96,227907.74,2025-03-04,BOOKED
PAY-000290,PB-INS-000290,CUST-0020,GLOBALPAY_US,PARTNER_B,LOCAL_BANK_TRANSFER,2025-02-27T23:43:00Z,2025-02-27,USD,50000.00,CNY,7.206578,180.00,49820.00,49820.01,359031.72,2025-03-04,BOOKED
PAY-000291,PA-INS-000291,CUST-0008,GLOBALPAY_US,PARTNER_A,LOCAL_BANK_TRANSFER,2025-02-28T15:28:00Z,2025-02-28,USD,862.97,CNY,7.192373,5.18,857.79,857.80,6169.55,2025-03-03,BOOKED
PAY-000292,PB-INS-000292,CUST-0008,GLOBALPAY_US,PARTNER_B,LOCAL_BANK_TRANSFER,2025-02-28T16:29:00Z,2025-02-28,USD,24693.47,CNY,7.198205,91.43,24602.04,24602.05,177090.53,2025-03-04,BOOKED
PAY-000293,PA-INS-000293,CUST-0014,GLOBALPAY_US,PARTNER_A,LOCAL_BANK_TRANSFER,2025-02-28T16:35:00Z,2025-02-28,USD,4214.26,CNY,7.198205,25.29,4188.97,4188.97,30153.06,2025-03-03,BOOKED
PAY-000294,PB-INS-000294,CUST-0002,GLOBALPAY_US,PARTNER_B,LOCAL_BANK_TRANSFER,2025-02-28T16:55:00Z,2025-02-28,USD,6644.80,CNY,7.198205,28.26,6616.54,6616.54,47627.21,2025-03-04,BOOKED
PAY-000295,PA-INS-000295,CUST-0006,GLOBALPAY_US,PARTNER_A,LOCAL_BANK_TRANSFER,2025-02-28T20:17:00Z,2025-02-28,USD,5516.57,CNY,7.209877,33.10,5483.47,5483.47,39535.14,2025-03-03,BOOKED
PAY-000296,PA-INS-000296,CUST-0025,GLOBALPAY_US,PARTNER_A,LOCAL_BANK_TRANSFER,2025-02-28T22:56:00Z,2025-02-28,USD,3050.00,CNY,7.207860,18.30,3031.70,3031.71,21852.07,2025-03-04,BOOKED
PAY-000297,PB-INS-000297,CUST-0024,GLOBALPAY_US,PARTNER_B,LOCAL_BANK_TRANSFER,2025-02-28T23:18:00Z,2025-02-28,USD,4367.29,CNY,7.201402,20.29,4347.00,4347.00,31304.49,2025-03-05,BOOKED
PAY-000298,PA-INS-000298,CUST-0013,GLOBALPAY_US,PARTNER_A,LOCAL_BANK_TRANSFER,2025-03-01T00:10:00Z,2025-02-28,USD,3263.36,CNY,7.205223,19.58,3243.78,3243.79,23372.16,2025-03-04,BOOKED
PAY-000299,PA-INS-000299,CUST-0020,GLOBALPAY_US,PARTNER_A,LOCAL_BANK_TRANSFER,2025-03-01T00:22:00Z,2025-02-28,USD,6838.38,CNY,7.205223,41.03,6797.35,6797.35,48976.42,2025-03-04,BOOKED
PAY-000300,PB-INS-000300,CUST-0025,GLOBALPAY_US,PARTNER_B,LOCAL_BANK_TRANSFER,2025-03-01T00:30:00Z,2025-02-28,USD,4422.94,CNY,7.205223,20.48,4402.46,4402.47,31720.71,2025-03-05,BOOKED
PAY-000301,PB-INS-000301,CUST-0024,GLOBALPAY_US,PARTNER_B,LOCAL_BANK_TRANSFER,2025-03-03T13:37:00Z,2025-03-03,USD,1370.65,CNY,7.211007,9.80,1360.85,1360.86,9813.10,2025-03-05,BOOKED
PAY-000302,PB-INS-000302,CUST-0014,GLOBALPAY_US,PARTNER_B,LOCAL_BANK_TRANSFER,2025-03-03T14:17:00Z,2025-03-03,USD,1428.15,CNY,7.209221,10.00,1418.15,1418.16,10223.76,2025-03-05,BOOKED
PAY-000303,PB-INS-000303,CUST-0017,GLOBALPAY_US,PARTNER_B,LOCAL_BANK_TRANSFER,2025-03-03T15:29:00Z,2025-03-03,USD,9262.17,CNY,7.214821,37.42,9224.75,9224.75,66554.92,2025-03-05,BOOKED
PAY-000304,PB-INS-000304,CUST-0022,GLOBALPAY_US,PARTNER_B,LOCAL_BANK_TRANSFER,2025-03-03T17:40:00Z,2025-03-03,USD,4162.89,CNY,7.214265,19.57,4143.32,4143.33,29891.01,2025-03-05,BOOKED
PAY-000305,PB-INS-000305,CUST-0014,GLOBALPAY_US,PARTNER_B,LOCAL_BANK_TRANSFER,2025-03-03T18:43:00Z,2025-03-03,USD,10134.81,CNY,7.220713,40.47,10094.34,10094.34,72888.33,2025-03-05,BOOKED
PAY-000306,PB-INS-000306,CUST-0005,GLOBALPAY_US,PARTNER_B,LOCAL_BANK_TRANSFER,2025-03-03T20:07:00Z,2025-03-03,USD,5099.11,CNY,7.221007,22.85,5076.26,5076.27,36655.71,2025-03-06,BOOKED
PAY-000307,PB-INS-000307,CUST-0012,GLOBALPAY_US,PARTNER_B,LOCAL_BANK_TRANSFER,2025-03-03T20:50:00Z,2025-03-03,USD,8419.14,CNY,7.221007,34.47,8384.67,8384.67,60545.76,2025-03-06,BOOKED
PAY-000308,PA-INS-000308,CUST-0009,GLOBALPAY_US,PARTNER_A,LOCAL_BANK_TRANSFER,2025-03-03T23:42:00Z,2025-03-03,USD,12623.25,CNY,7.217190,75.74,12547.51,12547.51,90557.76,2025-03-05,BOOKED
PAY-000309,PB-INS-000309,CUST-0012,GLOBALPAY_US,PARTNER_B,LOCAL_BANK_TRANSFER,2025-03-04T13:50:00Z,2025-03-04,USD,1626.74,CNY,7.231039,10.69,1616.05,1616.05,11685.72,2025-03-06,BOOKED
PAY-000310,PB-INS-000310,CUST-0017,GLOBALPAY_US,PARTNER_B,LOCAL_BANK_TRANSFER,2025-03-04T14:01:00Z,2025-03-04,USD,14905.77,CNY,7.233593,57.17,14848.60,14848.61,107408.73,2025-03-06,BOOKED
PAY-000311,PA-INS-000311,CUST-0021,GLOBALPAY_US,PARTNER_A,LOCAL_BANK_TRANSFER,2025-03-04T15:33:00Z,2025-03-04,USD,3379.42,CNY,7.231368,20.28,3359.14,3359.15,24291.18,2025-03-05,BOOKED
PAY-000312,PB-INS-000312,CUST-0020,GLOBALPAY_US,PARTNER_B,LOCAL_BANK_TRANSFER,2025-03-04T16:49:00Z,2025-03-04,USD,1522.96,CNY,7.233404,10.33,1512.63,1512.63,10941.46,2025-03-06,BOOKED
PAY-000313,PA-INS-000313,CUST-0002,GLOBALPAY_US,PARTNER_A,LOCAL_BANK_TRANSFER,2025-03-04T17:35:00Z,2025-03-04,USD,3094.21,CNY,7.228766,18.57,3075.64,3075.64,22233.08,2025-03-05,BOOKED
PAY-000314,PA-INS-000314,CUST-0016,GLOBALPAY_US,PARTNER_A,LOCAL_BANK_TRANSFER,2025-03-04T17:58:00Z,2025-03-04,USD,1246.58,CNY,7.228766,7.48,1239.10,1239.10,8957.16,2025-03-05,BOOKED
PAY-000315,PB-INS-000315,CUST-0012,GLOBALPAY_US,PARTNER_B,LOCAL_BANK_TRANSFER,2025-03-04T19:51:00Z,2025-03-04,USD,2217.81,CNY,7.224657,12.76,2205.05,2205.06,15930.73,2025-03-07,BOOKED
PAY-000316,PA-INS-000316,CUST-0008,GLOBALPAY_US,PARTNER_A,LOCAL_BANK_TRANSFER,2025-03-04T20:18:00Z,2025-03-04,USD,3375.81,CNY,7.223983,20.25,3355.56,3355.57,24240.51,2025-03-05,BOOKED
PAY-000317,PB-INS-000317,CUST-0017,GLOBALPAY_US,PARTNER_B,LOCAL_BANK_TRANSFER,2025-03-04T20:56:00Z,2025-03-04,USD,16132.89,CNY,7.223983,61.47,16071.42,16071.42,116099.66,2025-03-07,BOOKED
PAY-000318,PA-INS-000318,CUST-0022,GLOBALPAY_US,PARTNER_A,LOCAL_BANK_TRANSFER,2025-03-04T22:37:00Z,2025-03-04,USD,1523.17,CNY,7.224672,9.14,1514.03,1514.03,10938.37,2025-03-06,BOOKED
PAY-000319,PA-INS-000319,CUST-0001,GLOBALPAY_US,PARTNER_A,LOCAL_BANK_TRANSFER,2025-03-05T00:46:00Z,2025-03-04,USD,1328.96,CNY,7.215067,7.97,1320.99,1320.99,9531.03,2025-03-06,BOOKED
PAY-000320,PA-INS-000320,CUST-0020,GLOBALPAY_US,PARTNER_A,LOCAL_BANK_TRANSFER,2025-03-05T14:37:00Z,2025-03-05,USD,2010.92,CNY,7.219342,12.07,1998.85,1998.85,14430.38,2025-03-06,BOOKED
PAY-000321,PA-INS-000321,CUST-0024,GLOBALPAY_US,PARTNER_A,LOCAL_BANK_TRANSFER,2025-03-05T14:58:00Z,2025-03-05,USD,4806.52,CNY,7.219342,28.84,4777.68,4777.69,34491.71,2025-03-06,BOOKED
PAY-000322,PA-INS-000322,CUST-0014,GLOBALPAY_US,PARTNER_A,SWIFT,2025-03-05T17:30:00Z,2025-03-05,USD,3740.40,CNY,7.230591,22.44,3717.96,3717.97,26883.05,2025-03-06,BOOKED
PAY-000323,PB-INS-000323,CUST-0024,GLOBALPAY_US,PARTNER_B,LOCAL_BANK_TRANSFER,2025-03-05T17:57:00Z,2025-03-05,USD,11105.32,CNY,7.230591,43.87,11061.45,11061.45,79980.82,2025-03-07,BOOKED
PAY-000324,PA-INS-000324,CUST-0024,GLOBALPAY_US,PARTNER_A,LOCAL_BANK_TRANSFER,2025-03-05T18:46:00Z,2025-03-05,USD,1965.28,CNY,7.226607,11.79,1953.49,1953.49,14117.10,2025-03-06,BOOKED
PAY-000325,PA-INS-000325,CUST-0007,GLOBALPAY_US,PARTNER_A,LOCAL_BANK_TRANSFER,2025-03-05T20:59:00Z,2025-03-05,USD,3688.48,CNY,7.218001,22.13,3666.35,3666.36,26463.72,2025-03-06,BOOKED
PAY-000326,PA-INS-000326,CUST-0003,GLOBALPAY_US,PARTNER_A,LOCAL_BANK_TRANSFER,2025-03-05T22:47:00Z,2025-03-05,USD,12127.49,CNY,7.223335,72.76,12054.73,12054.73,87075.35,2025-03-07,BOOKED
PAY-000327,PB-INS-000327,CUST-0025,GLOBALPAY_US,PARTNER_B,LOCAL_BANK_TRANSFER,2025-03-05T23:33:00Z,2025-03-05,USD,1534.35,CNY,7.223982,10.37,1523.98,1523.98,11009.20,2025-03-10,BOOKED
PAY-000328,PB-INS-000328,CUST-0005,GLOBALPAY_US,PARTNER_B,LOCAL_BANK_TRANSFER,2025-03-06T13:40:00Z,2025-03-06,USD,11930.11,CNY,7.230241,46.76,11883.35,11883.35,85919.48,2025-03-10,BOOKED
PAY-000329,PA-INS-000329,CUST-0025,GLOBALPAY_US,PARTNER_A,LOCAL_BANK_TRANSFER,2025-03-06T14:17:00Z,2025-03-06,USD,2653.33,CNY,7.235546,15.92,2637.41,2637.41,19083.10,2025-03-07,BOOKED
PAY-000330,PA-INS-000330,CUST-0022,GLOBALPAY_US,PARTNER_A,LOCAL_BANK_TRANSFER,2025-03-06T14:23:00Z,2025-03-06,USD,15918.58,CNY,7.235546,95.51,15823.07,15823.07,114488.55,2025-03-07,BOOKED
PAY-000331,PB-INS-000331,CUST-0017,GLOBALPAY_US,PARTNER_B,LOCAL_BANK_TRANSFER,2025-03-06T15:50:00Z,2025-03-06,USD,1157.32,CNY,7.243332,9.05,1148.27,1148.27,8317.30,2025-03-10,BOOKED
PAY-000332,PA-INS-000332,CUST-0001,GLOBALPAY_US,PARTNER_A,LOCAL_BANK_TRANSFER,2025-03-06T16:10:00Z,2025-03-06,USD,10496.80,CNY,7.250902,62.98,10433.82,10433.83,75654.61,2025-03-07,BOOKED
PAY-000333,PB-INS-000333,CUST-0006,GLOBALPAY_US,PARTNER_B,LOCAL_BANK_TRANSFER,2025-03-06T18:59:00Z,2025-03-06,USD,3475.89,CNY,7.249304,17.17,3458.72,3458.72,25073.31,2025-03-10,BOOKED
PAY-000334,PA-INS-000334,CUST-0015,GLOBALPAY_US,PARTNER_A,SWIFT,2025-03-06T19:34:00Z,2025-03-06,USD,16569.72,CNY,7.243793,99.42,16470.30,16470.30,119307.44,2025-03-07,BOOKED
PAY-000335,PB-INS-000335,CUST-0002,GLOBALPAY_US,PARTNER_B,LOCAL_BANK_TRANSFER,2025-03-06T20:26:00Z,2025-03-06,USD,3386.07,CNY,7.241055,16.85,3369.22,3369.23,24396.71,2025-03-11,BOOKED
PAY-000336,PA-INS-000336,CUST-0021,GLOBALPAY_US,PARTNER_A,LOCAL_BANK_TRANSFER,2025-03-06T21:16:00Z,2025-03-06,USD,2786.36,CNY,7.245623,16.72,2769.64,2769.65,20067.77,2025-03-10,BOOKED
PAY-000337,PA-INS-000337,CUST-0022,GLOBALPAY_US,PARTNER_A,SWIFT,2025-03-06T22:33:00Z,2025-03-06,USD,12831.40,CNY,7.238370,76.99,12754.41,12754.42,92321.14,2025-03-10,BOOKED
PAY-000338,PA-INS-000338,CUST-0010,GLOBALPAY_US,PARTNER_A,LOCAL_BANK_TRANSFER,2025-03-07T00:21:00Z,2025-03-06,USD,1012.80,CNY,7.231963,6.08,1006.72,1006.72,7280.56,2025-03-10,BOOKED
PAY-000339,PA-INS-000339,CUST-0023,GLOBALPAY_US,PARTNER_A,LOCAL_BANK_TRANSFER,2025-03-07T13:21:00Z,2025-03-07,USD,19416.37,CNY,7.229408,116.50,19299.87,19299.87,139526.63,2025-03-10,BOOKED
PAY-000340,PA-INS-000340,CUST-0002,GLOBALPAY_US,PARTNER_A,LOCAL_BANK_TRANSFER,2025-03-07T21:03:00Z,2025-03-07,USD,10820.19,CNY,7.224814,64.92,10755.27,10755.28,77704.83,2025-03-11,BOOKED
PAY-000341,PA-INS-000341,CUST-0013,GLOBALPAY_US,PARTNER_A,LOCAL_BANK_TRANSFER,2025-03-07T22:31:00Z,2025-03-07,USD,2625.17,CNY,7.231688,15.75,2609.42,2609.42,18870.51,2025-03-11,BOOKED
PAY-000342,PB-INS-000342,CUST-0015,GLOBALPAY_US,PARTNER_B,LOCAL_BANK_TRANSFER,2025-03-10T12:54:00Z,2025-03-10,USD,1931.72,CNY,7.231102,11.76,1919.96,1919.97,13883.43,2025-03-12,BOOKED
PAY-000343,PA-INS-000343,CUST-0006,GLOBALPAY_US,PARTNER_A,LOCAL_BANK_TRANSFER,2025-03-10T13:37:00Z,2025-03-10,USD,14584.43,CNY,7.223959,87.51,14496.92,14496.93,104725.16,2025-03-11,BOOKED
PAY-000344,PB-INS-000344,CUST-0024,GLOBALPAY_US,PARTNER_B,LOCAL_BANK_TRANSFER,2025-03-10T15:47:00Z,2025-03-10,USD,3856.74,CNY,7.222797,18.50,3838.24,3838.25,27722.83,2025-03-12,BOOKED
PAY-000345,PB-INS-000345,CUST-0014,GLOBALPAY_US,PARTNER_B,LOCAL_BANK_TRANSFER,2025-03-10T16:26:00Z,2025-03-10,USD,7093.07,CNY,7.218599,29.83,7063.24,7063.25,50986.70,2025-03-12,BOOKED
PAY-000346,PB-INS-000346,CUST-0001,GLOBALPAY_US,PARTNER_B,LOCAL_BANK_TRANSFER,2025-03-10T21:16:00Z,2025-03-10,USD,2871.32,CNY,7.233847,15.05,2856.27,2856.27,20661.82,2025-03-13,BOOKED
PAY-000347,PB-INS-000347,CUST-0009,GLOBALPAY_US,PARTNER_B,LOCAL_BANK_TRANSFER,2025-03-10T23:37:00Z,2025-03-10,USD,5194.07,CNY,7.238862,23.18,5170.89,5170.90,37431.36,2025-03-13,BOOKED
PAY-000348,PB-INS-000348,CUST-0018,GLOBALPAY_US,PARTNER_B,LOCAL_BANK_TRANSFER,2025-03-11T15:58:00Z,2025-03-11,USD,1707.86,CNY,7.250432,10.98,1696.88,1696.88,12303.11,2025-03-13,BOOKED
PAY-000349,PA-INS-000349,CUST-0005,GLOBALPAY_US,PARTNER_A,SWIFT,2025-03-11T17:39:00Z,2025-03-11,USD,5646.88,CNY,7.259365,33.88,5613.00,5613.01,40746.82,2025-03-12,BOOKED
PAY-000350,PA-INS-000350,CUST-0004,GLOBALPAY_US,PARTNER_A,LOCAL_BANK_TRANSFER,2025-03-11T20:50:00Z,2025-03-11,USD,3995.53,CNY,7.260225,23.97,3971.56,3971.57,28834.42,2025-03-13,BOOKED
PAY-000351,PB-INS-000351,CUST-0025,GLOBALPAY_US,PARTNER_B,LOCAL_BANK_TRANSFER,2025-03-11T22:13:00Z,2025-03-11,USD,3242.04,CNY,7.263470,16.35,3225.69,3225.69,23429.70,2025-03-14,BOOKED
PAY-000352,PB-INS-000352,CUST-0023,GLOBALPAY_US,PARTNER_B,LOCAL_BANK_TRANSFER,2025-03-11T22:58:00Z,2025-03-11,USD,8231.46,CNY,7.263470,33.81,8197.65,8197.65,59543.38,2025-03-14,BOOKED
PAY-000353,PB-INS-000353,CUST-0019,GLOBALPAY_US,PARTNER_B,LOCAL_BANK_TRANSFER,2025-03-12T12:02:00Z,2025-03-12,USD,4149.89,CNY,7.238078,19.52,4130.37,4130.37,29895.94,2025-03-14,BOOKED
PAY-000354,PB-INS-000354,CUST-0020,GLOBALPAY_US,PARTNER_B,LOCAL_BANK_TRANSFER,2025-03-12T13:45:00Z,2025-03-12,USD,5460.32,CNY,7.234788,24.11,5436.21,5436.22,39329.83,2025-03-14,BOOKED
PAY-000355,PA-INS-000355,CUST-0019,GLOBALPAY_US,PARTNER_A,SWIFT,2025-03-12T15:42:00Z,2025-03-12,USD,3943.82,CNY,7.234266,23.66,3920.16,3920.16,28359.48,2025-03-13,BOOKED
PAY-000356,PB-INS-000356,CUST-0014,GLOBALPAY_US,PARTNER_B,LOCAL_BANK_TRANSFER,2025-03-12T19:16:00Z,2025-03-12,USD,19912.73,CNY,7.263338,74.69,19838.04,19838.05,144090.39,2025-03-17,BOOKED
PAY-000357,PA-INS-000357,CUST-0020,GLOBALPAY_US,PARTNER_A,LOCAL_BANK_TRANSFER,2025-03-12T19:17:00Z,2025-03-12,USD,2113.21,CNY,7.263338,12.68,2100.53,2100.54,15256.86,2025-03-13,BOOKED
PAY-000358,PB-INS-000358,CUST-0015,GLOBALPAY_US,PARTNER_B,SWIFT,2025-03-12T23:05:00Z,2025-03-12,USD,9295.83,CNY,7.271099,37.54,9258.29,9258.29,67317.94,2025-03-17,BOOKED
PAY-000359,PA-INS-000359,CUST-0003,GLOBALPAY_US,PARTNER_A,LOCAL_BANK_TRANSFER,2025-03-12T23:33:00Z,2025-03-12,USD,5662.87,CNY,7.271099,33.98,5628.89,5628.90,40928.22,2025-03-14,BOOKED
PAY-000360,PA-INS-000360,CUST-0024,GLOBALPAY_US,PARTNER_A,LOCAL_BANK_TRANSFER,2025-03-13T12:54:00Z,2025-03-13,USD,3038.36,CNY,7.276182,18.23,3020.13,3020.14,21975.02,2025-03-14,BOOKED
PAY-000361,PA-INS-000361,CUST-0001,GLOBALPAY_US,PARTNER_A,LOCAL_BANK_TRANSFER,2025-03-13T12:56:00Z,2025-03-13,USD,1768.55,CNY,7.276182,10.61,1757.94,1757.94,12791.09,2025-03-14,BOOKED
PAY-000362,PB-INS-000362,CUST-0017,GLOBALPAY_US,PARTNER_B,LOCAL_BANK_TRANSFER,2025-03-13T13:23:00Z,2025-03-13,USD,1635.97,CNY,7.276147,10.73,1625.24,1625.25,11825.49,2025-03-17,BOOKED
PAY-000363,PA-INS-000363,CUST-0002,GLOBALPAY_US,PARTNER_A,LOCAL_BANK_TRANSFER,2025-03-13T15:31:00Z,2025-03-13,USD,1202.82,CNY,7.272446,7.22,1195.60,1195.61,8694.94,2025-03-14,BOOKED
PAY-000364,PA-INS-000364,CUST-0002,GLOBALPAY_US,PARTNER_A,LOCAL_BANK_TRANSFER,2025-03-13T16:48:00Z,2025-03-13,USD,4592.56,CNY,7.274873,27.56,4565.00,4565.01,33209.80,2025-03-14,BOOKED
PAY-000365,PB-INS-000365,CUST-0009,GLOBALPAY_US,PARTNER_B,LOCAL_BANK_TRANSFER,2025-03-13T17:13:00Z,2025-03-13,USD,2756.36,CNY,7.277749,14.65,2741.71,2741.72,19953.48,2025-03-17,BOOKED
PAY-000366,PA-INS-000366,CUST-0012,GLOBALPAY_US,PARTNER_A,LOCAL_BANK_TRANSFER,2025-03-13T18:29:00Z,2025-03-13,USD,6548.07,CNY,7.274132,39.29,6508.78,6508.78,47345.72,2025-03-14,BOOKED
PAY-000367,PA-INS-000367,CUST-0016,GLOBALPAY_US,PARTNER_A,LOCAL_BANK_TRANSFER,2025-03-13T19:25:00Z,2025-03-13,USD,19363.96,CNY,7.274454,116.18,19247.78,19247.78,140017.09,2025-03-14,BOOKED
PAY-000368,PB-INS-000368,CUST-0019,GLOBALPAY_US,PARTNER_B,LOCAL_BANK_TRANSFER,2025-03-13T23:29:00Z,2025-03-13,USD,4303.03,CNY,7.265368,20.06,4282.97,4282.97,31117.35,2025-03-18,BOOKED
PAY-000369,PA-INS-000369,CUST-0013,GLOBALPAY_US,PARTNER_A,LOCAL_BANK_TRANSFER,2025-03-14T12:10:00Z,2025-03-14,USD,45526.71,CNY,7.253284,273.16,45253.55,45253.55,328236.85,2025-03-17,BOOKED
PAY-000370,PA-INS-000370,CUST-0007,GLOBALPAY_US,PARTNER_A,LOCAL_BANK_TRANSFER,2025-03-14T12:18:00Z,2025-03-14,USD,740.80,CNY,7.253284,4.44,736.36,736.37,5341.03,2025-03-17,BOOKED
PAY-000371,PA-INS-000371,CUST-0012,GLOBALPAY_US,PARTNER_A,LOCAL_BANK_TRANSFER,2025-03-14T13:27:00Z,2025-03-14,USD,3310.90,CNY,7.260506,19.87,3291.03,3291.03,23894.54,2025-03-17,BOOKED
PAY-000372,PA-INS-000372,CUST-0024,GLOBALPAY_US,PARTNER_A,LOCAL_BANK_TRANSFER,2025-03-14T14:28:00Z,2025-03-14,USD,15989.89,CNY,7.259206,95.94,15893.95,15893.96,115377.46,2025-03-17,BOOKED
PAY-000373,PA-INS-000373,CUST-0002,GLOBALPAY_US,PARTNER_A,LOCAL_BANK_TRANSFER,2025-03-14T15:14:00Z,2025-03-14,USD,7484.81,CNY,7.260339,44.91,7439.90,7439.91,54016.20,2025-03-17,BOOKED
PAY-000374,PA-INS-000374,CUST-0007,GLOBALPAY_US,PARTNER_A,LOCAL_BANK_TRANSFER,2025-03-14T17:22:00Z,2025-03-14,USD,721.70,CNY,7.262034,4.33,717.37,717.38,5209.57,2025-03-17,BOOKED
PAY-000375,PB-INS-000375,CUST-0011,GLOBALPAY_US,PARTNER_B,SWIFT,2025-03-14T17:43:00Z,2025-03-14,USD,2032.97,CNY,7.262034,12.12,2020.85,2020.85,14675.48,2025-03-18,BOOKED
PAY-000376,PA-INS-000376,CUST-0017,GLOBALPAY_US,PARTNER_A,LOCAL_BANK_TRANSFER,2025-03-14T19:08:00Z,2025-03-14,USD,2372.38,CNY,7.260831,14.23,2358.15,2358.16,17122.13,2025-03-17,BOOKED
PAY-000377,PB-INS-000377,CUST-0013,GLOBALPAY_US,PARTNER_B,LOCAL_BANK_TRANSFER,2025-03-14T20:16:00Z,2025-03-14,USD,2085.28,CNY,7.264910,12.30,2072.98,2072.98,15060.01,2025-03-19,BOOKED
PAY-000378,PB-INS-000378,CUST-0001,GLOBALPAY_US,PARTNER_B,LOCAL_BANK_TRANSFER,2025-03-14T20:22:00Z,2025-03-14,USD,2307.62,CNY,7.264910,13.08,2294.54,2294.55,16669.63,2025-03-19,BOOKED
PAY-000379,PA-INS-000379,CUST-0015,GLOBALPAY_US,PARTNER_A,LOCAL_BANK_TRANSFER,2025-03-14T22:07:00Z,2025-03-14,USD,4335.06,CNY,7.273025,26.01,4309.05,4309.06,31339.83,2025-03-18,BOOKED
PAY-000380,PA-INS-000380,CUST-0014,GLOBALPAY_US,PARTNER_A,LOCAL_BANK_TRANSFER,2025-03-14T22:20:00Z,2025-03-14,USD,8272.39,CNY,7.273025,49.63,8222.76,8222.77,59804.34,2025-03-18,BOOKED
PAY-000381,PA-INS-000381,CUST-0002,GLOBALPAY_US,PARTNER_A,LOCAL_BANK_TRANSFER,2025-03-14T23:41:00Z,2025-03-14,USD,2636.19,CNY,7.272060,15.82,2620.37,2620.38,19055.49,2025-03-18,BOOKED
PAY-000382,PA-INS-000382,CUST-0020,GLOBALPAY_US,PARTNER_A,LOCAL_BANK_TRANSFER,2025-03-17T14:06:00Z,2025-03-17,USD,1271.34,CNY,7.268882,7.63,1263.71,1263.72,9185.76,2025-03-18,BOOKED
PAY-000383,PA-INS-000383,CUST-0016,GLOBALPAY_US,PARTNER_A,LOCAL_BANK_TRANSFER,2025-03-17T15:07:00Z,2025-03-17,USD,5116.10,CNY,7.271160,30.70,5085.40,5085.41,36976.76,2025-03-18,BOOKED
PAY-000384,PB-INS-000384,CUST-0023,GLOBALPAY_US,PARTNER_B,SWIFT,2025-03-17T15:33:00Z,2025-03-17,USD,13729.29,CNY,7.271160,53.05,13676.24,13676.25,99442.13,2025-03-19,BOOKED
PAY-000385,PB-INS-000385,CUST-0011,GLOBALPAY_US,PARTNER_B,SWIFT,2025-03-17T15:56:00Z,2025-03-17,USD,19053.74,CNY,7.271160,71.69,18982.05,18982.05,138021.52,2025-03-19,BOOKED
PAY-000386,PA-INS-000386,CUST-0001,GLOBALPAY_US,PARTNER_A,LOCAL_BANK_TRANSFER,2025-03-17T16:47:00Z,2025-03-17,USD,1154.61,CNY,7.267995,6.93,1147.68,1147.68,8341.33,2025-03-18,BOOKED
PAY-000387,PA-INS-000387,CUST-0017,GLOBALPAY_US,PARTNER_A,LOCAL_BANK_TRANSFER,2025-03-17T16:56:00Z,2025-03-17,USD,19126.84,CNY,7.267995,114.76,19012.08,19012.08,138179.70,2025-03-18,BOOKED
PAY-000388,PB-INS-000388,CUST-0020,GLOBALPAY_US,PARTNER_B,LOCAL_BANK_TRANSFER,2025-03-17T20:05:00Z,2025-03-17,USD,2546.16,CNY,7.258096,13.91,2532.25,2532.25,18379.31,2025-03-20,BOOKED
PAY-000389,PB-INS-000389,CUST-0008,GLOBALPAY_US,PARTNER_B,LOCAL_BANK_TRANSFER,2025-03-17T20:41:00Z,2025-03-17,USD,4395.46,CNY,7.258096,20.38,4375.08,4375.08,31754.75,2025-03-20,BOOKED
PAY-000390,PA-INS-000390,CUST-0015,GLOBALPAY_US,PARTNER_A,LOCAL_BANK_TRANSFER,2025-03-17T22:17:00Z,2025-03-17,USD,2823.58,CNY,7.243391,16.94,2806.64,2806.64,20329.59,2025-03-19,BOOKED
PAY-000391,PB-INS-000391,CUST-0025,GLOBALPAY_US,PARTNER_B,LOCAL_BANK_TRANSFER,2025-03-17T22:24:00Z,2025-03-17,USD,2393.05,CNY,7.243391,13.38,2379.67,2379.67,17236.88,2025-03-20,BOOKED
PAY-000392,PA-INS-000392,CUST-0004,GLOBALPAY_US,PARTNER_A,SWIFT,2025-03-17T23:30:00Z,2025-03-17,USD,1877.21,CNY,7.247628,11.26,1865.95,1865.95,13523.71,2025-03-19,BOOKED
PAY-000393,PA-INS-000393,CUST-0022,GLOBALPAY_US,PARTNER_A,LOCAL_BANK_TRANSFER,2025-03-17T23:52:00Z,2025-03-17,USD,4620.43,CNY,7.247628,27.72,4592.71,4592.71,33286.25,2025-03-19,BOOKED
PAY-000394,PA-INS-000394,CUST-0023,GLOBALPAY_US,PARTNER_A,SWIFT,2025-03-18T14:19:00Z,2025-03-18,USD,2447.71,CNY,7.258971,14.69,2433.02,2433.02,17661.22,2025-03-19,BOOKED
PAY-000395,PA-INS-000395,CUST-0005,GLOBALPAY_US,PARTNER_A,LOCAL_BANK_TRANSFER,2025-03-18T20:30:00Z,2025-03-18,USD,2760.03,CNY,7.279331,16.56,2743.47,2743.48,19970.63,2025-03-20,BOOKED
PAY-000396,PA-INS-000396,CUST-0004,GLOBALPAY_US,PARTNER_A,LOCAL_BANK_TRANSFER,2025-03-18T20:49:00Z,2025-03-18,USD,5318.90,CNY,7.279331,31.91,5286.99,5286.99,38485.75,2025-03-20,BOOKED
PAY-000397,PA-INS-000397,CUST-0024,GLOBALPAY_US,PARTNER_A,LOCAL_BANK_TRANSFER,2025-03-18T22:08:00Z,2025-03-18,USD,1482.69,CNY,7.277734,8.90,1473.79,1473.79,10725.85,2025-03-20,BOOKED
PAY-000398,PA-INS-000398,CUST-0006,GLOBALPAY_US,PARTNER_A,LOCAL_BANK_TRANSFER,2025-03-19T13:00:00Z,2025-03-19,USD,6537.54,CNY,7.254330,39.23,6498.31,6498.32,47140.89,2025-03-20,BOOKED
PAY-000399,PA-INS-000399,CUST-0001,GLOBALPAY_US,PARTNER_A,LOCAL_BANK_TRANSFER,2025-03-19T13:09:00Z,2025-03-19,USD,12154.28,CNY,7.254330,72.93,12081.35,12081.36,87642.10,2025-03-20,BOOKED
PAY-000400,PB-INS-000400,CUST-0022,GLOBALPAY_US,PARTNER_B,LOCAL_BANK_TRANSFER,2025-03-19T13:27:00Z,2025-03-19,USD,4132.99,CNY,7.254330,19.47,4113.52,4113.52,29840.83,2025-03-21,BOOKED
PAY-000401,PA-INS-000401,CUST-0017,GLOBALPAY_US,PARTNER_A,SWIFT,2025-03-19T14:00:00Z,2025-03-19,USD,6750.66,CNY,7.256815,40.50,6710.16,6710.17,48694.39,2025-03-20,BOOKED
PAY-000402,PA-INS-000402,CUST-0017,GLOBALPAY_US,PARTNER_A,LOCAL_BANK_TRANSFER,2025-03-19T15:57:00Z,2025-03-19,USD,10338.60,CNY,7.263576,62.03,10276.57,10276.58,74644.65,2025-03-20,BOOKED
PAY-000403,PA-INS-000403,CUST-0001,GLOBALPAY_US,PARTNER_A,SWIFT,2025-03-19T18:37:00Z,2025-03-19,USD,2232.44,CNY,7.255277,13.39,2219.05,2219.05,16099.82,2025-03-20,BOOKED
PAY-000404,PB-INS-000404,CUST-0017,GLOBALPAY_US,PARTNER_B,LOCAL_BANK_TRANSFER,2025-03-19T18:38:00Z,2025-03-19,USD,2704.16,CNY,7.255277,14.46,2689.70,2689.71,19514.52,2025-03-24,BOOKED
PAY-000405,PA-INS-000405,CUST-0015,GLOBALPAY_US,PARTNER_A,LOCAL_BANK_TRANSFER,2025-03-19T19:04:00Z,2025-03-19,USD,3612.44,CNY,7.255900,21.67,3590.77,3590.78,26054.27,2025-03-20,BOOKED
PAY-000406,PA-INS-000406,CUST-0019,GLOBALPAY_US,PARTNER_A,LOCAL_BANK_TRANSFER,2025-03-19T19:28:00Z,2025-03-19,USD,5080.20,CNY,7.255900,30.48,5049.72,5049.72,36640.26,2025-03-20,BOOKED
PAY-000407,PA-INS-000407,CUST-0007,GLOBALPAY_US,PARTNER_A,LOCAL_BANK_TRANSFER,2025-03-19T20:24:00Z,2025-03-19,USD,3472.47,CNY,7.251712,20.83,3451.64,3451.65,25030.30,2025-03-21,BOOKED
PAY-000408,PB-INS-000408,CUST-0012,GLOBALPAY_US,PARTNER_B,LOCAL_BANK_TRANSFER,2025-03-19T21:55:00Z,2025-03-19,USD,5460.51,CNY,7.250232,24.11,5436.40,5436.40,39415.16,2025-03-24,BOOKED
PAY-000409,PB-INS-000409,CUST-0007,GLOBALPAY_US,PARTNER_B,LOCAL_BANK_TRANSFER,2025-03-19T22:58:00Z,2025-03-19,USD,3497.43,CNY,7.244502,17.24,3480.19,3480.19,25212.24,2025-03-24,BOOKED
PAY-000410,PB-INS-000410,CUST-0016,GLOBALPAY_US,PARTNER_B,LOCAL_BANK_TRANSFER,2025-03-20T12:18:00Z,2025-03-20,USD,1643.81,CNY,7.224851,10.75,1633.06,1633.07,11798.62,2025-03-24,BOOKED
PAY-000411,PA-INS-000411,CUST-0023,GLOBALPAY_US,PARTNER_A,LOCAL_BANK_TRANSFER,2025-03-20T13:19:00Z,2025-03-20,USD,1051.83,CNY,7.220717,6.31,1045.52,1045.52,7549.40,2025-03-21,BOOKED
PAY-000412,PB-INS-000412,CUST-0002,GLOBALPAY_US,PARTNER_B,LOCAL_BANK_TRANSFER,2025-03-20T14:49:00Z,2025-03-20,USD,23517.68,CNY,7.217239,87.31,23430.37,23430.37,169102.58,2025-03-24,BOOKED
PAY-000413,PB-INS-000413,CUST-0021,GLOBALPAY_US,PARTNER_B,LOCAL_BANK_TRANSFER,2025-03-20T17:19:00Z,2025-03-20,USD,1062.00,CNY,7.226394,8.72,1053.28,1053.29,7611.42,2025-03-24,BOOKED
PAY-000414,PA-INS-000414,CUST-0012,GLOBALPAY_US,PARTNER_A,SWIFT,2025-03-20T21:14:00Z,2025-03-20,USD,3324.33,CNY,7.219244,19.95,3304.38,3304.39,23855.13,2025-03-24,BOOKED
PAY-000415,PA-INS-000415,CUST-0023,GLOBALPAY_US,PARTNER_A,SWIFT,2025-03-20T22:16:00Z,2025-03-20,USD,5360.64,CNY,7.221002,32.16,5328.48,5328.48,38476.96,2025-03-24,BOOKED
PAY-000416,PA-INS-000416,CUST-0003,GLOBALPAY_US,PARTNER_A,LOCAL_BANK_TRANSFER,2025-03-20T23:21:00Z,2025-03-20,USD,22037.26,CNY,7.229885,132.22,21905.04,21905.04,158370.92,2025-03-24,BOOKED
PAY-000417,PA-INS-000417,CUST-0014,GLOBALPAY_US,PARTNER_A,SWIFT,2025-03-20T23:22:00Z,2025-03-20,USD,12126.43,CNY,7.229885,72.76,12053.67,12053.68,87146.65,2025-03-24,BOOKED
PAY-000418,PA-INS-000418,CUST-0007,GLOBALPAY_US,PARTNER_A,LOCAL_BANK_TRANSFER,2025-03-20T23:53:00Z,2025-03-20,USD,24635.82,CNY,7.229885,147.81,24488.01,24488.02,177045.50,2025-03-24,BOOKED
PAY-000419,PA-INS-000419,CUST-0017,GLOBALPAY_US,PARTNER_A,LOCAL_BANK_TRANSFER,2025-03-21T12:35:00Z,2025-03-21,USD,3804.39,CNY,7.233446,22.83,3781.56,3781.56,27353.71,2025-03-24,BOOKED
PAY-000420,PA-INS-000420,CUST-0012,GLOBALPAY_US,PARTNER_A,LOCAL_BANK_TRANSFER,2025-03-21T12:52:00Z,2025-03-21,USD,14020.69,CNY,7.233446,84.12,13936.57,13936.58,100809.43,2025-03-24,BOOKED
PAY-000421,PA-INS-000421,CUST-0018,GLOBALPAY_US,PARTNER_A,LOCAL_BANK_TRANSFER,2025-03-21T12:58:00Z,2025-03-21,USD,5266.44,CNY,7.233446,31.60,5234.84,5234.84,37865.93,2025-03-24,BOOKED
PAY-000422,PA-INS-000422,CUST-0015,GLOBALPAY_US,PARTNER_A,LOCAL_BANK_TRANSFER,2025-03-21T15:06:00Z,2025-03-21,USD,4926.10,CNY,7.231861,29.56,4896.54,4896.55,35411.10,2025-03-24,BOOKED
PAY-000423,PB-INS-000423,CUST-0012,GLOBALPAY_US,PARTNER_B,LOCAL_BANK_TRANSFER,2025-03-21T16:42:00Z,2025-03-21,USD,13545.79,CNY,7.238561,52.41,13493.38,13493.38,97672.65,2025-03-25,BOOKED
PAY-000424,PA-INS-000424,CUST-0019,GLOBALPAY_US,PARTNER_A,LOCAL_BANK_TRANSFER,2025-03-21T17:09:00Z,2025-03-21,USD,575.59,CNY,7.242627,3.45,572.14,572.15,4143.80,2025-03-24,BOOKED
PAY-000425,PA-INS-000425,CUST-0025,GLOBALPAY_US,PARTNER_A,LOCAL_BANK_TRANSFER,2025-03-21T17:39:00Z,2025-03-21,USD,8021.98,CNY,7.242627,48.13,7973.85,7973.85,57751.62,2025-03-24,BOOKED
PAY-000426,PA-INS-000426,CUST-0018,GLOBALPAY_US,PARTNER_A,LOCAL_BANK_TRANSFER,2025-03-21T17:49:00Z,2025-03-21,USD,3906.57,CNY,7.242627,23.44,3883.13,3883.13,28124.06,2025-03-24,BOOKED
PAY-000427,PA-INS-000427,CUST-0025,GLOBALPAY_US,PARTNER_A,LOCAL_BANK_TRANSFER,2025-03-21T20:18:00Z,2025-03-21,USD,7579.77,CNY,7.240915,45.48,7534.29,7534.29,54555.15,2025-03-25,BOOKED
PAY-000428,PA-INS-000428,CUST-0024,GLOBALPAY_US,PARTNER_A,LOCAL_BANK_TRANSFER,2025-03-21T21:33:00Z,2025-03-21,USD,5518.31,CNY,7.242354,33.11,5485.20,5485.20,39725.76,2025-03-25,BOOKED
PAY-000429,PB-INS-000429,CUST-0012,GLOBALPAY_US,PARTNER_B,LOCAL_BANK_TRANSFER,2025-03-21T21:46:00Z,2025-03-21,USD,1802.06,CNY,7.242354,11.31,1790.75,1790.76,12969.25,2025-03-26,BOOKED
PAY-000430,PA-INS-000430,CUST-0019,GLOBALPAY_US,PARTNER_A,LOCAL_BANK_TRANSFER,2025-03-21T22:51:00Z,2025-03-21,USD,10247.42,CNY,7.241393,61.48,10185.94,10185.94,73760.39,2025-03-25,BOOKED
PAY-000431,PA-INS-000431,CUST-0008,GLOBALPAY_US,PARTNER_A,LOCAL_BANK_TRANSFER,2025-03-24T12:41:00Z,2025-03-24,USD,12891.59,CNY,7.250977,77.35,12814.24,12814.25,92915.76,2025-03-25,BOOKED
PAY-000432,PA-INS-000432,CUST-0003,GLOBALPAY_US,PARTNER_A,SWIFT,2025-03-24T14:28:00Z,2025-03-24,USD,5552.46,CNY,7.249679,33.31,5519.15,5519.16,40012.07,2025-03-25,BOOKED
PAY-000433,PB-INS-000433,CUST-0019,GLOBALPAY_US,PARTNER_B,LOCAL_BANK_TRANSFER,2025-03-24T15:49:00Z,2025-03-24,USD,6189.85,CNY,7.252923,26.66,6163.19,6163.19,44701.14,2025-03-26,BOOKED
PAY-000434,PA-INS-000434,CUST-0005,GLOBALPAY_US,PARTNER_A,LOCAL_BANK_TRANSFER,2025-03-24T19:34:00Z,2025-03-24,USD,5113.65,CNY,7.244450,30.68,5082.97,5082.97,36823.32,2025-03-25,BOOKED
PAY-000435,PA-INS-000435,CUST-0009,GLOBALPAY_US,PARTNER_A,LOCAL_BANK_TRANSFER,2025-03-24T23:30:00Z,2025-03-24,USD,865.31,CNY,7.255702,5.19,860.12,860.12,6240.77,2025-03-26,BOOKED
PAY-000436,PA-INS-000436,CUST-0010,GLOBALPAY_US,PARTNER_A,LOCAL_BANK_TRANSFER,2025-03-24T23:34:00Z,2025-03-24,USD,6857.06,CNY,7.255702,41.14,6815.92,6815.92,49454.28,2025-03-26,BOOKED
PAY-000437,PA-INS-000437,CUST-0005,GLOBALPAY_US,PARTNER_A,LOCAL_BANK_TRANSFER,2025-03-24T23:49:00Z,2025-03-24,USD,18240.64,CNY,7.255702,109.44,18131.20,18131.20,131554.58,2025-03-26,BOOKED
PAY-000438,PA-INS-000438,CUST-0007,GLOBALPAY_US,PARTNER_A,LOCAL_BANK_TRANSFER,2025-03-25T14:10:00Z,2025-03-25,USD,2651.57,CNY,7.236513,15.91,2635.66,2635.67,19072.99,2025-03-26,BOOKED
PAY-000439,PB-INS-000439,CUST-0012,GLOBALPAY_US,PARTNER_B,LOCAL_BANK_TRANSFER,2025-03-25T14:57:00Z,2025-03-25,USD,23215.60,CNY,7.236513,86.25,23129.35,23129.35,167375.84,2025-03-27,BOOKED
PAY-000440,PA-INS-000440,CUST-0019,GLOBALPAY_US,PARTNER_A,LOCAL_BANK_TRANSFER,2025-03-25T18:08:00Z,2025-03-25,USD,2914.52,CNY,7.237060,17.49,2897.03,2897.04,20965.98,2025-03-26,BOOKED
PAY-000441,PA-INS-000441,CUST-0007,GLOBALPAY_US,PARTNER_A,LOCAL_BANK_TRANSFER,2025-03-25T20:56:00Z,2025-03-25,USD,2372.28,CNY,7.236234,14.23,2358.05,2358.05,17063.40,2025-03-27,BOOKED
PAY-000442,PA-INS-000442,CUST-0007,GLOBALPAY_US,PARTNER_A,LOCAL_BANK_TRANSFER,2025-03-25T22:00:00Z,2025-03-25,USD,8567.70,CNY,7.230248,51.41,8516.29,8516.30,61574.89,2025-03-27,BOOKED
PAY-000443,PB-INS-000443,CUST-0021,GLOBALPAY_US,PARTNER_B,LOCAL_BANK_TRANSFER,2025-03-25T22:00:00Z,2025-03-25,USD,19117.02,CNY,7.230248,71.91,19045.11,19045.12,137700.87,2025-03-28,BOOKED
PAY-000444,PA-INS-000444,CUST-0006,GLOBALPAY_US,PARTNER_A,LOCAL_BANK_TRANSFER,2025-03-25T23:24:00Z,2025-03-25,USD,3073.74,CNY,7.234595,18.44,3055.30,3055.31,22103.86,2025-03-27,BOOKED
PAY-000445,PA-INS-000445,CUST-0021,GLOBALPAY_US,PARTNER_A,LOCAL_BANK_TRANSFER,2025-03-26T12:35:00Z,2025-03-26,USD,8510.70,CNY,7.214209,51.06,8459.64,8459.64,61029.61,2025-03-27,BOOKED
PAY-000446,PA-INS-000446,CUST-0005,GLOBALPAY_US,PARTNER_A,LOCAL_BANK_TRANSFER,2025-03-26T14:13:00Z,2025-03-26,USD,2780.87,CNY,7.211318,16.69,2764.18,2764.18,19933.38,2025-03-27,BOOKED
PAY-000447,PA-INS-000447,CUST-0014,GLOBALPAY_US,PARTNER_A,LOCAL_BANK_TRANSFER,2025-03-26T18:54:00Z,2025-03-26,USD,15941.33,CNY,7.210540,95.65,15845.68,15845.69,114255.91,2025-03-27,BOOKED
PAY-000448,PA-INS-000448,CUST-0009,GLOBALPAY_US,PARTNER_A,LOCAL_BANK_TRANSFER,2025-03-26T19:07:00Z,2025-03-26,USD,4489.82,CNY,7.213906,26.94,4462.88,4462.89,32194.80,2025-03-27,BOOKED
PAY-000449,PA-INS-000449,CUST-0022,GLOBALPAY_US,PARTNER_A,SWIFT,2025-03-26T19:20:00Z,2025-03-26,USD,3387.02,CNY,7.213906,20.32,3366.70,3366.71,24287.06,2025-03-27,BOOKED
PAY-000450,PB-INS-000450,CUST-0007,GLOBALPAY_US,PARTNER_B,LOCAL_BANK_TRANSFER,2025-03-26T19:59:00Z,2025-03-26,USD,21276.37,CNY,7.213906,79.47,21196.90,21196.90,152912.44,2025-03-31,BOOKED
PAY-000451,PB-INS-000451,CUST-0005,GLOBALPAY_US,PARTNER_B,LOCAL_BANK_TRANSFER,2025-03-26T21:00:00Z,2025-03-26,USD,1315.78,CNY,7.214631,9.61,1306.17,1306.17,9423.53,2025-03-31,BOOKED
PAY-000452,PB-INS-000452,CUST-0001,GLOBALPAY_US,PARTNER_B,LOCAL_BANK_TRANSFER,2025-03-27T12:49:00Z,2025-03-27,USD,3490.44,CNY,7.208377,17.22,3473.22,3473.23,25036.28,2025-03-31,BOOKED
PAY-000453,PA-INS-000453,CUST-0002,GLOBALPAY_US,PARTNER_A,LOCAL_BANK_TRANSFER,2025-03-27T12:59:00Z,2025-03-27,USD,3237.78,CNY,7.208377,19.43,3218.35,3218.35,23199.08,2025-03-28,BOOKED
PAY-000454,PA-INS-000454,CUST-0024,GLOBALPAY_US,PARTNER_A,LOCAL_BANK_TRANSFER,2025-03-27T17:20:00Z,2025-03-27,USD,2089.00,CNY,7.196881,12.53,2076.47,2076.48,14944.11,2025-03-28,BOOKED
PAY-000455,PA-INS-000455,CUST-0005,GLOBALPAY_US,PARTNER_A,LOCAL_BANK_TRANSFER,2025-03-27T18:52:00Z,2025-03-27,USD,2545.29,CNY,7.192490,15.27,2530.02,2530.02,18197.14,2025-03-28,BOOKED
PAY-000456,PA-INS-000456,CUST-0021,GLOBALPAY_US,PARTNER_A,LOCAL_BANK_TRANSFER,2025-03-27T19:18:00Z,2025-03-27,USD,3776.09,CNY,7.192322,22.66,3753.43,3753.44,26995.88,2025-03-28,BOOKED
PAY-000457,PA-INS-000457,CUST-0023,GLOBALPAY_US,PARTNER_A,LOCAL_BANK_TRANSFER,2025-03-27T19:30:00Z,2025-03-27,USD,11782.11,CNY,7.192322,70.69,11711.42,11711.42,84232.30,2025-03-28,BOOKED
PAY-000458,PA-INS-000458,CUST-0008,GLOBALPAY_US,PARTNER_A,LOCAL_BANK_TRANSFER,2025-03-27T21:38:00Z,2025-03-27,USD,18876.95,CNY,7.187317,113.26,18763.69,18763.70,134860.59,2025-03-31,BOOKED
PAY-000459,PB-INS-000459,CUST-0004,GLOBALPAY_US,PARTNER_B,LOCAL_BANK_TRANSFER,2025-03-27T22:01:00Z,2025-03-27,USD,2215.84,CNY,7.189025,12.76,2203.08,2203.09,15838.00,2025-04-01,BOOKED
PAY-000460,PB-INS-000460,CUST-0016,GLOBALPAY_US,PARTNER_B,LOCAL_BANK_TRANSFER,2025-03-28T12:18:00Z,2025-03-28,USD,8579.05,CNY,7.182990,35.03,8544.02,8544.02,61371.61,2025-04-01,BOOKED
PAY-000461,PA-INS-000461,CUST-0022,GLOBALPAY_US,PARTNER_A,LOCAL_BANK_TRANSFER,2025-03-28T12:18:00Z,2025-03-28,USD,2864.06,CNY,7.182990,17.18,2846.88,2846.88,20449.11,2025-03-31,BOOKED
PAY-000462,PA-INS-000462,CUST-0015,GLOBALPAY_US,PARTNER_A,LOCAL_BANK_TRANSFER,2025-03-28T12:59:00Z,2025-03-28,USD,5172.87,CNY,7.182990,31.04,5141.83,5141.83,36933.71,2025-03-31,BOOKED
PAY-000463,PA-INS-000463,CUST-0019,GLOBALPAY_US,PARTNER_A,LOCAL_BANK_TRANSFER,2025-03-28T15:26:00Z,2025-03-28,USD,1387.78,CNY,7.178067,8.33,1379.45,1379.45,9901.78,2025-03-31,BOOKED
PAY-000464,PB-INS-000464,CUST-0013,GLOBALPAY_US,PARTNER_B,LOCAL_BANK_TRANSFER,2025-03-28T18:38:00Z,2025-03-28,USD,6641.85,CNY,7.176133,28.25,6613.60,6613.60,47460.07,2025-04-02,BOOKED
PAY-000465,PA-INS-000465,CUST-0014,GLOBALPAY_US,PARTNER_A,LOCAL_BANK_TRANSFER,2025-03-31T12:31:00Z,2025-03-31,USD,976.42,CNY,7.182804,5.86,970.56,970.56,6971.34,2025-04-01,BOOKED
PAY-000466,PA-INS-000466,CUST-0013,GLOBALPAY_US,PARTNER_A,LOCAL_BANK_TRANSFER,2025-03-31T13:38:00Z,2025-03-31,USD,2862.43,CNY,7.178748,17.17,2845.26,2845.26,20425.40,2025-04-01,BOOKED
PAY-000467,PA-INS-000467,CUST-0021,GLOBALPAY_US,PARTNER_A,LOCAL_BANK_TRANSFER,2025-03-31T15:24:00Z,2025-03-31,USD,1043.04,CNY,7.178906,6.26,1036.78,1036.79,7442.95,2025-04-01,BOOKED
PAY-000468,PB-INS-000468,CUST-0023,GLOBALPAY_US,PARTNER_B,LOCAL_BANK_TRANSFER,2025-03-31T15:29:00Z,2025-03-31,USD,5367.61,CNY,7.178906,23.79,5343.82,5343.82,38362.78,2025-04-02,BOOKED
PAY-000469,PB-INS-000469,CUST-0024,GLOBALPAY_US,PARTNER_B,LOCAL_BANK_TRANSFER,2025-03-31T15:59:00Z,2025-03-31,USD,3654.46,CNY,7.178906,17.79,3636.67,3636.67,26107.31,2025-04-02,BOOKED
PAY-000470,PB-INS-000470,CUST-0018,GLOBALPAY_US,PARTNER_B,LOCAL_BANK_TRANSFER,2025-03-31T19:57:00Z,2025-03-31,USD,2734.38,CNY,7.167366,14.57,2719.81,2719.81,19493.87,2025-04-03,BOOKED
PAY-000471,PB-INS-000471,CUST-0001,GLOBALPAY_US,PARTNER_B,LOCAL_BANK_TRANSFER,2025-03-31T23:18:00Z,2025-03-31,USD,4237.30,CNY,7.173580,19.83,4217.47,4217.48,30254.36,2025-04-03,BOOKED
PAY-000472,PB-INS-000472,CUST-0017,GLOBALPAY_US,PARTNER_B,LOCAL_BANK_TRANSFER,2025-03-31T23:24:00Z,2025-03-31,USD,1656.14,CNY,7.173580,10.80,1645.34,1645.35,11802.98,2025-04-03,BOOKED
PAY-000473,PA-INS-000473,CUST-0001,GLOBALPAY_US,PARTNER_A,SWIFT,2025-03-31T23:49:00Z,2025-03-31,USD,11336.94,CNY,7.173580,68.02,11268.92,11268.93,80838.50,2025-04-02,BOOKED
PAY-000474,PA-INS-000474,CUST-0015,GLOBALPAY_US,PARTNER_A,LOCAL_BANK_TRANSFER,2025-03-31T23:55:00Z,2025-03-31,USD,5525.28,CNY,7.173580,33.15,5492.13,5492.13,39398.23,2025-04-02,BOOKED
